,LLM_Category
0,Water
1,Exhaust
2,Exhaust
3,Air
4,Exhaust
5,Air
6,Exhaust
7,Exhaust
8,Exhaust
9,Exhaust
10,Exhaust
11,Exhaust
12,Exhaust
13,Water
14,Exhaust
15,Exhaust
16,Water
17,Exhaust
18,Exhaust
19,Exhaust
20,Exhaust
21,Exhaust
22,Water
23,Air
24,Water
25,Exhaust
26,Exhaust
27,Exhaust
28,Air
29,Air
30,Water
31,Air
32,Air
33,Air
34,Air
35,Air
36,Exhaust
37,Oil
38,Water
39,Exhaust
40,Exhaust
41,Exhaust
42,Exhaust
43,Exhaust
44,Exhaust
45,Refrigerant
46,Water
47,Exhaust
48,Exhaust
49,Exhaust
50,Exhaust
51,Exhaust
52,Exhaust
53,Exhaust
54,Exhaust
55,Refrigerant
56,Refrigerant
57,Water
58,Exhaust
59,Air
60,Refrigerant
61,Refrigerant
62,Air
63,Exhaust
64,Refrigerant
65,Refrigerant
66,Air
67,Air
68,Refrigerant
69,Refrigerant
70,Exhaust
71,Refrigerant
72,Refrigerant
73,Water
74,Water
75,Air
76,Water
77,Air
78,Air
79,Water
80,Water
81,Air
82,Air
83,Air
84,Air
85,Refrigerant
86,Refrigerant
87,Refrigerant
88,Refrigerant
89,Refrigerant
90,Refrigerant
91,Refrigerant
92,Refrigerant
93,Refrigerant
94,Refrigerant
95,Refrigerant
96,Refrigerant
97,Refrigerant
98,Refrigerant
99,Refrigerant
100,Refrigerant
101,Refrigerant
102,Exhaust
103,Exhaust
104,Steam
105,Air
106,Air
107,Air
108,Refrigerant
109,Refrigerant
110,Refrigerant
111,Refrigerant
112,Refrigerant
113,Refrigerant
114,Refrigerant
115,Refrigerant
116,Refrigerant
117,Refrigerant
118,Refrigerant
119,Refrigerant
120,Refrigerant
121,Refrigerant
122,Oil
123,Exhaust
124,Exhaust
125,Water
126,Exhaust
127,Exhaust
128,Exhaust
129,Exhaust
130,Oil
131,Steam
132,Steam
133,Exhaust
134,Exhaust
135,Exhaust
136,Refrigerant
137,Refrigerant
138,Air
139,Exhaust
140,Exhaust
141,Exhaust
142,Exhaust
143,Exhaust
144,Steam
145,Refrigerant
146,Refrigerant
147,Water
148,Water
149,Water
150,Steam
151,Exhaust
152,Exhaust
153,Refrigerant
154,Refrigerant
155,Air
156,Refrigerant
157,Exhaust
158,Exhaust
159,Exhaust
160,Air
161,Air
162,Air
163,Air
164,Refrigerant
165,Water
166,Exhaust
167,Exhaust
168,Refrigerant
169,Refrigerant
170,Refrigerant
171,Refrigerant
172,Refrigerant
173,Refrigerant
174,Refrigerant
175,Water
176,Water
177,Refrigerant
178,Refrigerant
179,Water
180,Exhaust
181,Water
182,Refrigerant
183,Refrigerant
184,Refrigerant
185,Refrigerant
186,Water
187,Air
188,Water
189,Water
190,Exhaust
191,Exhaust
192,Air
193,Air
194,Exhaust
195,Refrigerant
196,Refrigerant
197,Water
198,Water
199,Water
200,Water
201,Water
202,Water
203,Water
204,Air
205,Air
206,Air
207,Air
208,Air
209,Air
210,Air
211,Air
212,Air
213,Air
214,Air
215,Air
216,Air
217,Air
218,Air
219,Air
220,Air
221,Air
222,Air
223,Air
224,Air
225,Air
226,Air
227,Exhaust
228,Exhaust
229,Air
230,Exhaust
231,Air
232,Unknown
233,Unknown
234,Unknown
235,Unknown
236,Unknown
237,Unknown
238,Unknown
239,Unknown
240,Unknown
241,Unknown
242,Unknown
243,Unknown
244,Unknown
245,Unknown
246,Unknown
247,Unknown
248,Unknown
249,Unknown
250,Exhaust
251,Air
252,Air
253,Exhaust
254,Water
255,Exhaust
256,Exhaust
257,Exhaust
258,Exhaust
259,Water
260,Water
261,Water
262,Water
263,Water
264,Air
265,Air
266,Exhaust
267,Exhaust
268,Air
269,Air
270,Water
271,Water
272,Water
273,Air
274,Exhaust
275,Air
276,Air
277,Air
278,Water
279,Air
280,Water
281,Air
282,Air
283,Air
284,Air
285,Air
286,Air
287,Air
288,Air
289,Air
290,Air
291,Air
292,Air
293,Air
294,Air
295,Air
296,Air
297,Air
298,Air
299,Air
300,Exhaust
301,Exhaust
302,Exhaust
303,Exhaust
304,Exhaust
305,Exhaust
306,Exhaust
307,Exhaust
308,Exhaust
309,Water
310,Water
311,Water
312,Water
313,Water
314,Water
315,Water
316,Water
317,Water
318,Water
319,Water
320,Water
321,Water
322,Water
323,Water
324,Water
325,Water
326,Water
327,Water
328,Air
329,Water
330,Water
331,Water
332,Water
333,Water
334,Air
335,Air
336,Air
337,Water
338,Water
339,Water
340,Water
341,Exhaust
342,Water
343,Exhaust
344,Water
345,Water
346,Water
347,Air
348,Exhaust
349,Exhaust
350,Water
351,Exhaust
352,Air
353,Oil
354,Oil
355,Oil
356,Oil
357,Oil
358,Oil
359,Oil
360,Air
361,Exhaust
362,Water
363,Water
364,Air
365,Air
366,Air
367,Water
368,Water
369,Steam
370,Air
371,Air
372,Air
373,Air
374,Air
375,Air
376,Air
377,Air
378,Air
379,Air
380,Air
381,Air
382,Water
383,Water
384,Water
385,Air
386,Air
387,Air
388,Air
389,Air
390,Air
391,Air
392,Air
393,Air
394,Oil
395,Water
396,Refrigerant
397,Water
398,Water
399,Steam
400,Water
401,Water
402,Water
403,Exhaust
404,Exhaust
405,Exhaust
406,Exhaust
407,Exhaust
408,Exhaust
409,Exhaust
410,Air
411,Exhaust
412,Exhaust
413,Exhaust
414,Exhaust
415,Exhaust
416,Exhaust
417,Exhaust
418,Exhaust
419,Water
420,Water
421,Exhaust
422,Air
423,Exhaust
424,Water
425,Exhaust
426,Exhaust
427,Exhaust
428,Exhaust
429,Exhaust
430,Exhaust
431,Exhaust
432,Water
433,Water
434,Air
435,Water
436,Air
437,Air
438,Water
439,Water
440,Air
441,Air
442,Water
443,Air
444,Air
445,Air
446,Air
447,Air
448,Air
449,Air
450,Water
451,Refrigerant
452,Air
453,Air
454,Steam
455,Steam
456,Exhaust
457,Oil
458,Oil
459,Oil
460,Oil
461,Air
462,Air
463,Refrigerant
464,Refrigerant
465,Refrigerant
466,Refrigerant
467,Refrigerant
468,Refrigerant
469,Refrigerant
470,Oil
471,Oil
472,Oil
473,Air
474,Air
475,Exhaust
476,Exhaust
477,Exhaust
478,Exhaust
479,Air
480,Air
481,Air
482,Water
483,Air
484,Air
485,Air
486,Air
487,Air
488,Air
489,Air
490,Water
491,Air
492,Air
493,Air
494,Air
495,Air
496,Air
497,Air
498,Air
499,Air
500,Refrigerant
501,Refrigerant
502,Refrigerant
503,Refrigerant
504,Refrigerant
505,Refrigerant
506,Refrigerant
507,Refrigerant
508,Refrigerant
509,Oil
510,Refrigerant
511,Refrigerant
512,Refrigerant
513,Refrigerant
514,Steam
515,Refrigerant
516,Refrigerant
517,Refrigerant
518,Refrigerant
519,Air
520,Steam
521,Steam
522,Steam
523,Exhaust
524,Exhaust
525,Air
526,Air
527,Air
528,Air
529,Air
530,Water
531,Exhaust
532,Exhaust
533,Exhaust
534,Exhaust
535,Exhaust
536,Exhaust
537,Exhaust
538,Water
539,Water
540,Exhaust
541,Air
542,Water
543,Air
544,Exhaust
545,Exhaust
546,Water
547,Exhaust
548,Exhaust
549,Exhaust
550,Exhaust
551,Exhaust
552,Exhaust
553,Exhaust
554,Exhaust
555,Exhaust
556,Exhaust
557,Exhaust
558,Exhaust
559,Exhaust
560,Water
561,Water
562,Exhaust
563,Exhaust
564,Steam
565,Exhaust
566,Exhaust
567,Exhaust
568,Steam
569,Exhaust
570,Water
571,Exhaust
572,Exhaust
573,Exhaust
574,Water
575,Exhaust
576,Exhaust
577,Exhaust
578,Exhaust
579,Water
580,Water
581,Exhaust
582,Exhaust
583,Exhaust
584,Exhaust
585,Exhaust
586,Exhaust
587,Water
588,Water
589,Exhaust
590,Exhaust
591,Exhaust
592,Exhaust
593,Exhaust
594,Exhaust
595,Steam
596,Steam
597,Steam
598,Oil
599,Oil
600,Water
601,Water
602,Exhaust
603,Water
604,Exhaust
605,Exhaust
606,Water
607,Air
608,Refrigerant
609,Water
610,Unknown
611,Unknown
612,Unknown
613,Unknown
614,Unknown
615,Unknown
616,Unknown
617,Exhaust
618,Exhaust
619,Exhaust
620,Exhaust
621,Water
622,Water
623,Air
624,Exhaust
625,Exhaust
626,Exhaust
627,Exhaust
628,Exhaust
629,Exhaust
630,Air
631,Exhaust
632,Water
633,Air
634,Water
635,Water
636,Water
637,Exhaust
638,Exhaust
639,Exhaust
640,Exhaust
641,Exhaust
642,Exhaust
643,Exhaust
644,Exhaust
645,Air
646,Air
647,Water
648,Water
649,Water
650,Water
651,Water
652,Water
653,Water
654,Water
655,Water
656,Water
657,Water
658,Exhaust
659,Exhaust
660,Exhaust
661,Exhaust
662,Water
663,Water
664,Water
665,Water
666,Water
667,Water
668,Water
669,Exhaust
670,Exhaust
671,Exhaust
672,Exhaust
673,Exhaust
674,Water
675,Water
676,Water
677,Water
678,Air
679,Exhaust
680,Air
681,Air
682,Air
683,Air
684,Air
685,Air
686,Air
687,Air
688,Air
689,Air
690,Air
691,Air
692,Air
693,Air
694,Air
695,Air
696,Air
697,Air
698,Air
699,Air
700,Exhaust
701,Air
702,Air
703,Water
704,Air
705,Air
706,Air
707,Water
708,Exhaust
709,Air
710,Exhaust
711,Refrigerant
712,Refrigerant
713,Exhaust
714,Exhaust
715,Exhaust
716,Exhaust
717,Air
718,Oil
719,Oil
720,Exhaust
721,Air
722,Air
723,Air
724,Air
725,Exhaust
726,Exhaust
727,Exhaust
728,Steam
729,Steam
730,Air
731,Refrigerant
732,Oil
733,Steam
734,Air
735,Water
736,Oil
737,Oil
738,Steam
739,Steam
740,Steam
741,Steam
742,Air
743,Exhaust
744,Oil
745,Oil
746,Steam
747,Steam
748,Steam
749,Steam
750,Steam
751,Air
752,Refrigerant
753,Steam
754,Air
755,Refrigerant
756,Refrigerant
757,Water
758,Water
759,Air
760,Air
761,Air
762,Air
763,Air
764,Refrigerant
765,Refrigerant
766,Refrigerant
767,Refrigerant
768,Refrigerant
769,Refrigerant
770,Refrigerant
771,Steam
772,Air
773,Air
774,Refrigerant
775,Refrigerant
776,Refrigerant
777,Refrigerant
778,Air
779,Refrigerant
780,Refrigerant
781,Refrigerant
782,Air
783,Air
784,Air
785,Refrigerant
786,Refrigerant
787,Refrigerant
788,Air
789,Air
790,Exhaust
791,Exhaust
792,Exhaust
793,Exhaust
794,Air
795,Exhaust
796,Exhaust
797,Exhaust
798,Oil
799,Oil
800,Oil
801,Air
802,Air
803,Air
804,Oil
805,Oil
806,Oil
807,Air
808,Exhaust
809,Air
810,Water
811,Air
812,Air
813,Refrigerant
814,Refrigerant
815,Exhaust
816,Exhaust
817,Air
818,Air
819,Air
820,Water
821,Water
822,Exhaust
823,Exhaust
824,Exhaust
825,Exhaust
826,Exhaust
827,Exhaust
828,Water
829,Water
830,Water
831,Water
832,Air
833,Steam
834,Exhaust
835,Air
836,Exhaust
837,Air
838,Water
839,Water
840,Exhaust
841,Oil
842,Exhaust
843,Exhaust
844,Water
845,Exhaust
846,Water
847,Steam
848,Water
849,Steam
850,Water
851,Steam
852,Water
853,Exhaust
854,Exhaust
855,Exhaust
856,Exhaust
857,Water
858,Exhaust
859,Exhaust
860,Exhaust
861,Water
862,Exhaust
863,Air
864,Air
865,Exhaust
866,Steam
867,Air
868,Air
869,Air
870,Air
871,Air
872,Air
873,Exhaust
874,Exhaust
875,Air
876,Air
877,Water
878,Air
879,Air
880,Water
881,Water
882,Water
883,Oil
884,Oil
885,Steam
886,Steam
887,Steam
888,Steam
889,Steam
890,Air
891,Steam
892,Air
893,Air
894,Steam
895,Exhaust
896,Exhaust
897,Exhaust
898,Exhaust
899,Exhaust
900,Exhaust
901,Exhaust
902,Exhaust
903,Exhaust
904,Exhaust
905,Exhaust
906,Exhaust
907,Exhaust
908,Exhaust
909,Exhaust
910,Exhaust
911,Exhaust
912,Exhaust
913,Air
914,Water
915,Water
916,Steam
917,Air
918,Steam
919,Air
920,Air
921,Air
922,Air
923,Air
924,Air
925,Exhaust
926,Exhaust
927,Exhaust
928,Exhaust
929,Water
930,Water
931,Steam
932,Exhaust
933,Exhaust
934,Exhaust
935,Steam
936,Exhaust
937,Exhaust
938,Exhaust
939,Oil
940,Water
941,Water
942,Water
943,Exhaust
944,Air
945,Oil
946,Oil
947,Exhaust
948,Water
949,Water
950,Air
951,Water
952,Air
953,Water
954,Water
955,Water
956,Exhaust
957,Steam
958,Refrigerant
959,Exhaust
960,Air
961,Air
962,Refrigerant
963,Water
964,Refrigerant
965,Water
966,Water
967,Water
968,Water
969,Water
970,Water
971,Water
972,Air
973,Refrigerant
974,Water
975,Water
976,Water
977,Water
978,Air
979,Water
980,Exhaust
981,Water
982,Exhaust
983,Exhaust
984,Water
985,Water
986,Exhaust
987,Air
988,Exhaust
989,Exhaust
990,Exhaust
991,Exhaust
992,Exhaust
993,Exhaust
994,Exhaust
995,Exhaust
996,Exhaust
997,Exhaust
998,Exhaust
999,Refrigerant
1000,Refrigerant
1001,Refrigerant
1002,Exhaust
1003,Water
1004,Exhaust
1005,Exhaust
1006,Exhaust
1007,Exhaust
1008,Water
1009,Water
1010,Water
1011,Water
1012,Water
1013,Water
1014,Exhaust
1015,Water
1016,Steam
1017,Steam
1018,Exhaust
1019,Exhaust
1020,Exhaust
1021,Exhaust
1022,Exhaust
1023,Exhaust
1024,Exhaust
1025,Exhaust
1026,Exhaust
1027,Exhaust
1028,Exhaust
1029,Exhaust
1030,Exhaust
1031,Exhaust
1032,Exhaust
1033,Exhaust
1034,Exhaust
1035,Exhaust
1036,Water
1037,Air
1038,Air
1039,Oil
1040,Water
1041,Water
1042,Air
1043,Air
1044,Air
1045,Air
1046,Air
1047,Air
1048,Air
1049,Air
1050,Air
1051,Air
1052,Air
1053,Air
1054,Air
1055,Air
1056,Air
1057,Steam
1058,Exhaust
1059,Exhaust
1060,Steam
1061,Steam
1062,Steam
1063,Steam
1064,Steam
1065,Steam
1066,Steam
1067,Steam
1068,Steam
1069,Steam
1070,Steam
1071,Steam
1072,Refrigerant
1073,Exhaust
1074,Exhaust
1075,Air
1076,Oil
1077,Refrigerant
1078,Water
1079,Exhaust
1080,Exhaust
1081,Air
1082,Water
1083,Exhaust
1084,Air
1085,Water
1086,Refrigerant
1087,Exhaust
1088,Air
1089,Exhaust
1090,Exhaust
1091,Refrigerant
1092,Refrigerant
1093,Refrigerant
1094,Exhaust
1095,Exhaust
1096,Exhaust
1097,Air
1098,Air
1099,Exhaust
1100,Refrigerant
1101,Air
1102,Exhaust
1103,Water
1104,Water
1105,Exhaust
1106,Air
1107,Air
1108,Air
1109,Air
1110,Water
1111,Water
1112,Air
1113,Air
1114,Air
1115,Air
1116,Air
1117,Air
1118,Exhaust
1119,Exhaust
1120,Exhaust
1121,Water
1122,Water
1123,Exhaust
1124,Exhaust
1125,Exhaust
1126,Steam
1127,Exhaust
1128,Air
1129,Air
1130,Exhaust
1131,Exhaust
1132,Air
1133,Air
1134,Air
1135,Air
1136,Air
1137,Exhaust
1138,Exhaust
1139,Exhaust
1140,Oil
1141,Air
1142,Air
1143,Air
1144,Air
1145,Air
1146,Air
1147,Air
1148,Air
1149,Air
1150,Air
1151,Air
1152,Air
1153,Air
1154,Air
1155,Air
1156,Air
1157,Air
1158,Air
1159,Air
1160,Air
1161,Air
1162,Air
1163,Air
1164,Air
1165,Air
1166,Air
1167,Air
1168,Air
1169,Air
1170,Air
1171,Air
1172,Air
1173,Air
1174,Air
1175,Water
1176,Water
1177,Water
1178,Water
1179,Water
1180,Water
1181,Water
1182,Water
1183,Water
1184,Water
1185,Water
1186,Water
1187,Water
1188,Water
1189,Water
1190,Air
1191,Air
1192,Air
1193,Water
1194,Water
1195,Water
1196,Water
1197,Water
1198,Water
1199,Water
1200,Steam
1201,Steam
1202,Steam
1203,Steam
1204,Steam
1205,Steam
1206,Steam
1207,Steam
1208,Steam
1209,Steam
1210,Steam
1211,Steam
1212,Steam
1213,Steam
1214,Steam
1215,Steam
1216,Steam
1217,Steam
1218,Steam
1219,Water
1220,Water
1221,Water
1222,Water
1223,Water
1224,Water
1225,Water
1226,Exhaust
1227,Steam
1228,Air
1229,Oil
1230,Refrigerant
1231,Water
1232,Exhaust
1233,Steam
1234,Air
1235,Oil
1236,Refrigerant
1237,Water
1238,Exhaust
1239,Steam
1240,Air
1241,Oil
1242,Refrigerant
1243,Water
1244,Exhaust
1245,Steam
1246,Air
1247,Oil
1248,Refrigerant
1249,Water
1250,Water
1251,Water
1252,Water
1253,Water
1254,Water
1255,Water
1256,Water
1257,Water
1258,Water
1259,Water
1260,Water
1261,Water
1262,Water
1263,Water
1264,Water
1265,Water
1266,Water
1267,Water
1268,Water
1269,Water
1270,Water
1271,Water
1272,Water
1273,Water
1274,Water
1275,Air
1276,Air
1277,Air
1278,Air
1279,Air
1280,Air
1281,Air
1282,Air
1283,Air
1284,Air
1285,Air
1286,Air
1287,Air
1288,Air
1289,Air
1290,Air
1291,Air
1292,Air
1293,Air
1294,Air
1295,Air
1296,Air
1297,Air
1298,Air
1299,Air
1300,Air
1301,Air
1302,Air
1303,Air
1304,Air
1305,Air
1306,Air
1307,Air
1308,Air
1309,Air
1310,Air
1311,Air
1312,Air
1313,Air
1314,Air
1315,Air
1316,Air
1317,Air
1318,Air
1319,Air
1320,Air
1321,Air
1322,Air
1323,Air
1324,Air
1325,Water
1326,Water
1327,Water
1328,Water
1329,Water
1330,Water
1331,Water
1332,Water
1333,Water
1334,Water
1335,Water
1336,Water
1337,Water
1338,Water
1339,Water
1340,Water
1341,Water
1342,Water
1343,Water
1344,Water
1345,Water
1346,Water
1347,Water
1348,Water
1349,Water
1350,Air
1351,Air
1352,Air
1353,Air
1354,Air
1355,Air
1356,Air
1357,Air
1358,Air
1359,Air
1360,Air
1361,Air
1362,Air
1363,Air
1364,Air
1365,Air
1366,Air
1367,Air
1368,Air
1369,Air
1370,Air
1371,Air
1372,Air
1373,Air
1374,Air
1375,Air
1376,Air
1377,Air
1378,Air
1379,Air
1380,Air
1381,Air
1382,Air
1383,Air
1384,Air
1385,Air
1386,Air
1387,Air
1388,Air
1389,Air
1390,Air
1391,Air
1392,Air
1393,Air
1394,Air
1395,Air
1396,Air
1397,Air
1398,Air
1399,Air
1400,Water
1401,Water
1402,Water
1403,Water
1404,Water
1405,Water
1406,Water
1407,Water
1408,Water
1409,Water
1410,Water
1411,Water
1412,Water
1413,Water
1414,Water
1415,Water
1416,Water
1417,Water
1418,Water
1419,Water
1420,Water
1421,Water
1422,Water
1423,Water
1424,Water
1425,Water
1426,Water
1427,Water
1428,Water
1429,Water
1430,Water
1431,Water
1432,Water
1433,Water
1434,Water
1435,Water
1436,Water
1437,Water
1438,Water
1439,Water
1440,Water
1441,Water
1442,Water
1443,Water
1444,Water
1445,Water
1446,Water
1447,Water
1448,Water
1449,Water
1450,Water
1451,Water
1452,Water
1453,Water
1454,Water
1455,Water
1456,Water
1457,Water
1458,Water
1459,Water
1460,Water
1461,Water
1462,Water
1463,Water
1464,Water
1465,Water
1466,Water
1467,Water
1468,Water
1469,Water
1470,Water
1471,Water
1472,Water
1473,Water
1474,Water
1475,Water
1476,Water
1477,Water
1478,Water
1479,Water
1480,Water
1481,Water
1482,Water
1483,Water
1484,Water
1485,Water
1486,Water
1487,Air
1488,Air
1489,Air
1490,Air
1491,Air
1492,Air
1493,Air
1494,Air
1495,Air
1496,Air
1497,Air
1498,Exhaust
1499,Exhaust
1500,Water
1501,Water
1502,Exhaust
1503,Air
1504,Exhaust
1505,Exhaust
1506,Exhaust
1507,Exhaust
1508,Exhaust
1509,Exhaust
1510,Refrigerant
1511,Air
1512,Air
1513,Air
1514,Air
1515,Air
1516,Air
1517,Air
1518,Air
1519,Refrigerant
1520,Exhaust
1521,Air
1522,Water
1523,Water
1524,Exhaust
1525,Exhaust
1526,Air
1527,Air
1528,Water
1529,Water
1530,Water
1531,Water
1532,Exhaust
1533,Air
1534,Refrigerant
1535,Water
1536,Exhaust
1537,Air
1538,Air
1539,Air
1540,Air
1541,Air
1542,Refrigerant
1543,Water
1544,Water
1545,Exhaust
1546,Exhaust
1547,Exhaust
1548,Air
1549,Air
1550,Air
1551,Air
1552,Air
1553,Air
1554,Air
1555,Water
1556,Water
1557,Water
1558,Water
1559,Water
1560,Water
1561,Air
1562,Water
1563,Water
1564,Water
1565,Water
1566,Water
1567,Air
1568,Air
1569,Water
1570,Water
1571,Water
1572,Water
1573,Water
1574,Water
1575,Water
1576,Water
1577,Exhaust
1578,Exhaust
1579,Exhaust
1580,Exhaust
1581,Exhaust
1582,Exhaust
1583,Exhaust
1584,Exhaust
1585,Exhaust
1586,Water
1587,Water
1588,Water
1589,Water
1590,Exhaust
1591,Exhaust
1592,Exhaust
1593,Exhaust
1594,Water
1595,Exhaust
1596,Exhaust
1597,Exhaust
1598,Exhaust
1599,Exhaust
1600,Water
1601,Water
1602,Water
1603,Water
1604,Air
1605,Water
1606,Air
1607,Water
1608,Water
1609,Exhaust
1610,Exhaust
1611,Exhaust
1612,Exhaust
1613,Exhaust
1614,Air
1615,Air
1616,Water
1617,Steam
1618,Air
1619,Air
1620,Air
1621,Air
1622,Water
1623,Air
1624,Exhaust
1625,Exhaust
1626,Water
1627,Exhaust
1628,Exhaust
1629,Air
1630,Air
1631,Air
1632,Air
1633,Steam
1634,Steam
1635,Water
1636,Water
1637,Steam
1638,Steam
1639,Air
1640,Air
1641,Air
1642,Air
1643,Air
1644,Air
1645,Refrigerant
1646,Refrigerant
1647,Refrigerant
1648,Refrigerant
1649,Refrigerant
1650,Refrigerant
1651,Refrigerant
1652,Refrigerant
1653,Refrigerant
1654,Refrigerant
1655,Refrigerant
1656,Exhaust
1657,Exhaust
1658,Refrigerant
1659,Refrigerant
1660,Air
1661,Refrigerant
1662,Refrigerant
1663,Refrigerant
1664,Refrigerant
1665,Refrigerant
1666,Refrigerant
1667,Refrigerant
1668,Refrigerant
1669,Air
1670,Exhaust
1671,Exhaust
1672,Steam
1673,Air
1674,Air
1675,Air
1676,Exhaust
1677,Exhaust
1678,Air
1679,Air
1680,Air
1681,Air
1682,Air
1683,Air
1684,Air
1685,Oil
1686,Oil
1687,Air
1688,Oil
1689,Oil
1690,Oil
1691,Air
1692,Air
1693,Air
1694,Air
1695,Air
1696,Air
1697,Air
1698,Air
1699,Air
1700,Exhaust
1701,Exhaust
1702,Air
1703,Air
1704,Exhaust
1705,Exhaust
1706,Exhaust
1707,Exhaust
1708,Exhaust
1709,Water
1710,Air
1711,Exhaust
1712,Exhaust
1713,Exhaust
1714,Exhaust
1715,Exhaust
1716,Exhaust
1717,Exhaust
1718,Exhaust
1719,Exhaust
1720,Exhaust
1721,Air
1722,Air
1723,Air
1724,Air
1725,Air
1726,Air
1727,Water
1728,Steam
1729,Exhaust
1730,Exhaust
1731,Exhaust
1732,Exhaust
1733,Exhaust
1734,Exhaust
1735,Oil
1736,Oil
1737,Oil
1738,Oil
1739,Oil
1740,Water
1741,Air
1742,Air
1743,Air
1744,Exhaust
1745,Exhaust
1746,Steam
1747,Exhaust
1748,Exhaust
1749,Steam
1750,Air
1751,Water
1752,Air
1753,Refrigerant
1754,Air
1755,Air
1756,Air
1757,Steam
1758,Water
1759,Water
1760,Water
1761,Exhaust
1762,Refrigerant
1763,Refrigerant
1764,Refrigerant
1765,Refrigerant
1766,Refrigerant
1767,Refrigerant
1768,Refrigerant
1769,Refrigerant
1770,Refrigerant
1771,Refrigerant
1772,Refrigerant
1773,Refrigerant
1774,Refrigerant
1775,Refrigerant
1776,Water
1777,Water
1778,Water
1779,Water
1780,Refrigerant
1781,Steam
1782,Air
1783,Steam
1784,Refrigerant
1785,Exhaust
1786,Exhaust
1787,Exhaust
1788,Exhaust
1789,Exhaust
1790,Exhaust
1791,Exhaust
1792,Exhaust
1793,Water
1794,Refrigerant
1795,Refrigerant
1796,Exhaust
1797,Exhaust
1798,Exhaust
1799,Exhaust
1800,Exhaust
1801,Water
1802,Water
1803,Exhaust
1804,Exhaust
1805,Exhaust
1806,Exhaust
1807,Exhaust
1808,Water
1809,Water
1810,Oil
1811,Exhaust
1812,Exhaust
1813,Exhaust
1814,Water
1815,Oil
1816,Oil
1817,Exhaust
1818,Exhaust
1819,Exhaust
1820,Refrigerant
1821,Refrigerant
1822,Refrigerant
1823,Refrigerant
1824,Refrigerant
1825,Air
1826,Air
1827,Air
1828,Air
1829,Air
1830,Oil
1831,Refrigerant
1832,Exhaust
1833,Oil
1834,Oil
1835,Exhaust
1836,Exhaust
1837,Exhaust
1838,Exhaust
1839,Exhaust
1840,Oil
1841,Oil
1842,Oil
1843,Exhaust
1844,Exhaust
1845,Exhaust
1846,Air
1847,Air
1848,Water
1849,Air
1850,Air
1851,Water
1852,Exhaust
1853,Air
1854,Air
1855,Exhaust
1856,Air
1857,Air
1858,Air
1859,Steam
1860,Steam
1861,Steam
1862,Air
1863,Air
1864,Air
1865,Air
1866,Air
1867,Air
1868,Exhaust
1869,Air
1870,Steam
1871,Air
1872,Air
1873,Air
1874,Exhaust
1875,Exhaust
1876,Water
1877,Water
1878,Exhaust
1879,Water
1880,Air
1881,Water
1882,Air
1883,Water
1884,Air
1885,Water
1886,Exhaust
1887,Exhaust
1888,Steam
1889,Steam
1890,Steam
1891,Steam
1892,Steam
1893,Steam
1894,Steam
1895,Steam
1896,Steam
1897,Steam
1898,Steam
1899,Steam
1900,Steam
1901,Steam
1902,Steam
1903,Steam
1904,Steam
1905,Steam
1906,Steam
1907,Steam
1908,Steam
1909,Steam
1910,Steam
1911,Steam
1912,Steam
1913,Water
1914,Water
1915,Water
1916,Water
1917,Water
1918,Water
1919,Water
1920,Water
1921,Water
1922,Water
1923,Water
1924,Water
1925,Water
1926,Water
1927,Air
1928,Water
1929,Water
1930,Exhaust
1931,Exhaust
1932,Exhaust
1933,Exhaust
1934,Exhaust
1935,Air
1936,Steam
1937,Exhaust
1938,Exhaust
1939,Exhaust
1940,Refrigerant
1941,Refrigerant
1942,Water
1943,Water
1944,Water
1945,Exhaust
1946,Steam
1947,Steam
1948,Water
1949,Water
1950,Water
1951,Water
1952,Steam
1953,Water
1954,Air
1955,Exhaust
1956,Air
1957,Air
1958,Refrigerant
1959,Refrigerant
1960,Refrigerant
1961,Refrigerant
1962,Air
1963,Air
1964,Air
1965,Exhaust
1966,Exhaust
1967,Exhaust
1968,Air
1969,Exhaust
1970,Refrigerant
1971,Exhaust
1972,Water
1973,Exhaust
1974,Exhaust
1975,Air
1976,Steam
1977,Oil
1978,Oil
1979,Exhaust
1980,Exhaust
1981,Exhaust
1982,Water
1983,Water
1984,Exhaust
1985,Exhaust
1986,Oil
1987,Air
1988,Exhaust
1989,Exhaust
1990,Exhaust
1991,Exhaust
1992,Exhaust
1993,Exhaust
1994,Exhaust
1995,Exhaust
1996,Exhaust
1997,Exhaust
1998,Exhaust
1999,Exhaust
2000,Exhaust
2001,Exhaust
2002,Exhaust
2003,Exhaust
2004,Exhaust
2005,Exhaust
2006,Exhaust
2007,Exhaust
2008,Exhaust
2009,Exhaust
2010,Exhaust
2011,Exhaust
2012,Exhaust
2013,Exhaust
2014,Oil
2015,Exhaust
2016,Water
2017,Exhaust
2018,Air
2019,Air
2020,Exhaust
2021,Air
2022,Air
2023,Air
2024,Oil
2025,Water
2026,Exhaust
2027,Air
2028,Air
2029,Air
2030,Air
2031,Air
2032,Unknown
2033,Unknown
2034,Unknown
2035,Unknown
2036,Unknown
2037,Unknown
2038,Exhaust
2039,Water
2040,Water
2041,Exhaust
2042,Water
2043,Water
2044,Water
2045,Water
2046,Water
2047,Exhaust
2048,Exhaust
2049,Exhaust
2050,Air
2051,Refrigerant
2052,Air
2053,Refrigerant
2054,Air
2055,Air
2056,Exhaust
2057,Exhaust
2058,Refrigerant
2059,Refrigerant
2060,Oil
2061,Oil
2062,Exhaust
2063,Air
2064,Air
2065,Air
2066,Air
2067,Air
2068,Air
2069,Air
2070,Air
2071,Air
2072,Air
2073,Air
2074,Air
2075,Air
2076,Air
2077,Air
2078,Air
2079,Air
2080,Air
2081,Air
2082,Air
2083,Air
2084,Air
2085,Air
2086,Air
2087,Air
2088,Unknown
2089,Unknown
2090,Unknown
2091,Unknown
2092,Unknown
2093,Unknown
2094,Unknown
2095,Unknown
2096,Unknown
2097,Water
2098,Exhaust
2099,Exhaust
2100,Air
2101,Air
2102,Steam
2103,Refrigerant
2104,Refrigerant
2105,Air
2106,Air
2107,Air
2108,Air
2109,Air
2110,Air
2111,Air
2112,Air
2113,Air
2114,Air
2115,Air
2116,Air
2117,Air
2118,Air
2119,Air
2120,Air
2121,Air
2122,Air
2123,Air
2124,Steam
2125,Exhaust
2126,Exhaust
2127,Exhaust
2128,Exhaust
2129,Exhaust
2130,Exhaust
2131,Exhaust
2132,Exhaust
2133,Exhaust
2134,Exhaust
2135,Exhaust
2136,Exhaust
2137,Exhaust
2138,Exhaust
2139,Exhaust
2140,Exhaust
2141,Exhaust
2142,Exhaust
2143,Exhaust
2144,Exhaust
2145,Oil
2146,Water
2147,Water
2148,Water
2149,Water
2150,Water
2151,Water
2152,Exhaust
2153,Exhaust
2154,Exhaust
2155,Exhaust
2156,Air
2157,Air
2158,Water
2159,Water
2160,Exhaust
2161,Air
2162,Water
2163,Air
2164,Air
2165,Air
2166,Water
2167,Exhaust
2168,Exhaust
2169,Water
2170,Refrigerant
2171,Exhaust
2172,Air
2173,Exhaust
2174,Refrigerant
2175,Exhaust
2176,Refrigerant
2177,Air
2178,Air
2179,Air
2180,Air
2181,Air
2182,Air
2183,Air
2184,Air
2185,Air
2186,Air
2187,Air
2188,Water
2189,Water
2190,Water
2191,Water
2192,Water
2193,Water
2194,Water
2195,Water
2196,Water
2197,Water
2198,Water
2199,Water
2200,Water
2201,Water
2202,Water
2203,Water
2204,Water
2205,Water
2206,Water
2207,Water
2208,Water
2209,Water
2210,Water
2211,Water
2212,Water
2213,Water
2214,Water
2215,Water
2216,Water
2217,Water
2218,Water
2219,Water
2220,Water
2221,Water
2222,Water
2223,Water
2224,Water
2225,Water
2226,Water
2227,Water
2228,Water
2229,Water
2230,Water
2231,Water
2232,Water
2233,Water
2234,Water
2235,Water
2236,Water
2237,Water
2238,Air
2239,Air
2240,Air
2241,Air
2242,Air
2243,Air
2244,Air
2245,Air
2246,Air
2247,Air
2248,Air
2249,Air
2250,Air
2251,Air
2252,Air
2253,Air
2254,Air
2255,Air
2256,Air
2257,Air
2258,Air
2259,Air
2260,Air
2261,Air
2262,Air
2263,Steam
2264,Steam
2265,Steam
2266,Steam
2267,Water
2268,Air
2269,Refrigerant
2270,Water
2271,Air
2272,Water
2273,Refrigerant
2274,Steam
2275,Exhaust
2276,Refrigerant
2277,Water
2278,Steam
2279,Water
2280,Air
2281,Refrigerant
2282,Refrigerant
2283,Refrigerant
2284,Refrigerant
2285,Refrigerant
2286,Steam
2287,Water
2288,Water
2289,Exhaust
2290,Exhaust
2291,Exhaust
2292,Water
2293,Air
2294,Air
2295,Refrigerant
2296,Exhaust
2297,Water
2298,Water
2299,Water
2300,Water
2301,Water
2302,Water
2303,Water
2304,Exhaust
2305,Exhaust
2306,Exhaust
2307,Water
2308,Water
2309,Exhaust
2310,Exhaust
2311,Oil
2312,Oil
2313,Exhaust
2314,Water
2315,Air
2316,Exhaust
2317,Water
2318,Water
2319,Water
2320,Water
2321,Water
2322,Air
2323,Water
2324,Water
2325,Refrigerant
2326,Exhaust
2327,Steam
2328,Steam
2329,Steam
2330,Water
2331,Water
2332,Refrigerant
2333,Refrigerant
2334,Refrigerant
2335,Oil
2336,Exhaust
2337,Water
2338,Water
2339,Exhaust
2340,Exhaust
2341,Exhaust
2342,Exhaust
2343,Water
2344,Water
2345,Exhaust
2346,Water
2347,Air
2348,Air
2349,Air
2350,Air
2351,Water
2352,Water
2353,Water
2354,Water
2355,Air
2356,Air
2357,Air
2358,Exhaust
2359,Exhaust
2360,Exhaust
2361,Exhaust
2362,Exhaust
2363,Exhaust
2364,Exhaust
2365,Exhaust
2366,Exhaust
2367,Exhaust
2368,Exhaust
2369,Exhaust
2370,Exhaust
2371,Exhaust
2372,Exhaust
2373,Exhaust
2374,Exhaust
2375,Refrigerant
2376,Exhaust
2377,Exhaust
2378,Exhaust
2379,Water
2380,Water
2381,Air
2382,Water
2383,Oil
2384,Exhaust
2385,Exhaust
2386,Exhaust
2387,Exhaust
2388,Exhaust
2389,Refrigerant
2390,Exhaust
2391,Exhaust
2392,Exhaust
2393,Air
2394,Exhaust
2395,Exhaust
2396,Water
2397,Steam
2398,Exhaust
2399,Exhaust
2400,Exhaust
2401,Water
2402,Exhaust
2403,Exhaust
2404,Exhaust
2405,Exhaust
2406,Exhaust
2407,Exhaust
2408,Exhaust
2409,Exhaust
2410,Water
2411,Water
2412,Exhaust
2413,Water
2414,Exhaust
2415,Water
2416,Water
2417,Water
2418,Water
2419,Water
2420,Water
2421,Exhaust
2422,Exhaust
2423,Water
2424,Exhaust
2425,Water
2426,Water
2427,Exhaust
2428,Air
2429,Air
2430,Air
2431,Air
2432,Air
2433,Air
2434,Air
2435,Air
2436,Air
2437,Air
2438,Air
2439,Air
2440,Air
2441,Air
2442,Water
2443,Water
2444,Oil
2445,Oil
2446,Oil
2447,Refrigerant
2448,Water
2449,Water
2450,Water
2451,Steam
2452,Refrigerant
2453,Refrigerant
2454,Steam
2455,Refrigerant
2456,Exhaust
2457,Oil
2458,Exhaust
2459,Exhaust
2460,Oil
2461,Oil
2462,Oil
2463,Steam
2464,Steam
2465,Air
2466,Refrigerant
2467,Steam
2468,Air
2469,Air
2470,Water
2471,Steam
2472,Air
2473,Refrigerant
2474,Refrigerant
2475,Water
2476,Air
2477,Steam
2478,Water
2479,Air
2480,Exhaust
2481,Exhaust
2482,Air
2483,Exhaust
2484,Air
2485,Exhaust
2486,Water
2487,Water
2488,Exhaust
2489,Water
2490,Water
2491,Water
2492,Water
2493,Water
2494,Water
2495,Water
2496,Water
2497,Exhaust
2498,Water
2499,Exhaust
2500,Water
2501,Water
2502,Water
2503,Water
2504,Water
2505,Water
2506,Water
2507,Water
2508,Water
2509,Water
2510,Air
2511,Air
2512,Air
2513,Exhaust
2514,Exhaust
2515,Exhaust
2516,Exhaust
2517,Exhaust
2518,Exhaust
2519,Exhaust
2520,Exhaust
2521,Air
2522,Unknown
2523,Unknown
2524,Unknown
2525,Unknown
2526,Unknown
2527,Unknown
2528,Unknown
2529,Unknown
2530,Unknown
2531,Unknown
2532,Water
2533,Exhaust
2534,Water
2535,Water
2536,Exhaust
2537,Refrigerant
2538,Water
2539,Air
2540,Air
2541,Exhaust
2542,Water
2543,Water
2544,Water
2545,Water
2546,Water
2547,Exhaust
2548,Exhaust
2549,Exhaust
2550,Exhaust
2551,Air
2552,Exhaust
2553,Exhaust
2554,Exhaust
2555,Exhaust
2556,Exhaust
2557,Exhaust
2558,Exhaust
2559,Exhaust
2560,Exhaust
2561,Exhaust
2562,Exhaust
2563,Water
2564,Water
2565,Water
2566,Steam
2567,Steam
2568,Steam
2569,Air
2570,Exhaust
2571,Air
2572,Air
2573,Air
2574,Air
2575,Water
2576,Exhaust
2577,Exhaust
2578,Steam
2579,Steam
2580,Air
2581,Refrigerant
2582,Refrigerant
2583,Refrigerant
2584,Refrigerant
2585,Water
2586,Water
2587,Air
2588,Refrigerant
2589,Water
2590,Water
2591,Exhaust
2592,Air
2593,Exhaust
2594,Exhaust
2595,Unknown
2596,Unknown
2597,Unknown
2598,Unknown
2599,Unknown
2600,Unknown
2601,Unknown
2602,Unknown
2603,Unknown
2604,Unknown
2605,Unknown
2606,Unknown
2607,Unknown
2608,Unknown
2609,Unknown
2610,Exhaust
2611,Water
2612,Water
2613,Water
2614,Air
2615,Exhaust
2616,Exhaust
2617,Exhaust
2618,Oil
2619,Exhaust
2620,Exhaust
2621,Exhaust
2622,Exhaust
2623,Exhaust
2624,Exhaust
2625,Exhaust
2626,Exhaust
2627,Exhaust
2628,Exhaust
2629,Exhaust
2630,Exhaust
2631,Exhaust
2632,Exhaust
2633,Exhaust
2634,Exhaust
2635,Exhaust
2636,Exhaust
2637,Exhaust
2638,Exhaust
2639,Exhaust
2640,Exhaust
2641,Exhaust
2642,Exhaust
2643,Exhaust
2644,Exhaust
2645,Air
2646,Water
2647,Water
2648,Water
2649,Water
2650,Exhaust
2651,Water
2652,Refrigerant
2653,Exhaust
2654,Steam
2655,Steam
2656,Steam
2657,Steam
2658,Steam
2659,Steam
2660,Steam
2661,Steam
2662,Steam
2663,Steam
2664,Steam
2665,Steam
2666,Steam
2667,Steam
2668,Steam
2669,Steam
2670,Steam
2671,Steam
2672,Steam
2673,Steam
2674,Steam
2675,Steam
2676,Steam
2677,Steam
2678,Steam
2679,Steam
2680,Steam
2681,Steam
2682,Steam
2683,Steam
2684,Air
2685,Air
2686,Refrigerant
2687,Refrigerant
2688,Exhaust
2689,Steam
2690,Air
2691,Steam
2692,Air
2693,Steam
2694,Air
2695,Air
2696,Air
2697,Air
2698,Air
2699,Air
2700,Air
2701,Air
2702,Air
2703,Air
2704,Air
2705,Air
2706,Air
2707,Air
2708,Air
2709,Air
2710,Air
2711,Air
2712,Air
2713,Air
2714,Air
2715,Air
2716,Air
2717,Air
2718,Air
2719,Air
2720,Air
2721,Air
2722,Air
2723,Air
2724,Steam
2725,Steam
2726,Steam
2727,Steam
2728,Air
2729,Air
2730,Air
2731,Air
2732,Refrigerant
2733,Exhaust
2734,Exhaust
2735,Water
2736,Exhaust
2737,Exhaust
2738,Water
2739,Air
2740,Water
2741,Air
2742,Air
2743,Air
2744,Air
2745,Air
2746,Exhaust
2747,Exhaust
2748,Air
2749,Air
2750,Water
2751,Exhaust
2752,Air
2753,Air
2754,Air
2755,Air
2756,Air
2757,Air
2758,Exhaust
2759,Water
2760,Air
2761,Water
2762,Air
2763,Air
2764,Exhaust
2765,Water
2766,Air
2767,Air
2768,Exhaust
2769,Water
2770,Steam
2771,Air
2772,Air
2773,Water
2774,Unknown
2775,Water
2776,Water
2777,Water
2778,Refrigerant
2779,Water
2780,Refrigerant
2781,Refrigerant
2782,Refrigerant
2783,Refrigerant
2784,Refrigerant
2785,Refrigerant
2786,Refrigerant
2787,Refrigerant
2788,Refrigerant
2789,Refrigerant
2790,Refrigerant
2791,Refrigerant
2792,Refrigerant
2793,Refrigerant
2794,Refrigerant
2795,Refrigerant
2796,Refrigerant
2797,Refrigerant
2798,Refrigerant
2799,Refrigerant
2800,Air
2801,Air
2802,Air
2803,Air
2804,Exhaust
2805,Water
2806,Exhaust
2807,Exhaust
2808,Exhaust
2809,Air
2810,Air
2811,Water
2812,Water
2813,Exhaust
2814,Exhaust
2815,Exhaust
2816,Exhaust
2817,Exhaust
2818,Exhaust
2819,Refrigerant
2820,Refrigerant
2821,Refrigerant
2822,Refrigerant
2823,Refrigerant
2824,Refrigerant
2825,Refrigerant
2826,Exhaust
2827,Exhaust
2828,Exhaust
2829,Exhaust
2830,Exhaust
2831,Exhaust
2832,Exhaust
2833,Exhaust
2834,Exhaust
2835,Exhaust
2836,Air
2837,Water
2838,Refrigerant
2839,Exhaust
2840,Exhaust
2841,Exhaust
2842,Exhaust
2843,Air
2844,Air
2845,Air
2846,Air
2847,Exhaust
2848,Exhaust
2849,Exhaust
2850,Exhaust
2851,Exhaust
2852,Exhaust
2853,Exhaust
2854,Exhaust
2855,Exhaust
2856,Exhaust
2857,Refrigerant
2858,Refrigerant
2859,Oil
2860,Oil
2861,Air
2862,Air
2863,Air
2864,Air
2865,Exhaust
2866,Air
2867,Refrigerant
2868,Air
2869,Steam
2870,Exhaust
2871,Refrigerant
2872,Water
2873,Steam
2874,Air
2875,Air
2876,Air
2877,Air
2878,Steam
2879,Water
2880,Steam
2881,Steam
2882,Exhaust
2883,Exhaust
2884,Air
2885,Water
2886,Air
2887,Air
2888,Air
2889,Air
2890,Air
2891,Refrigerant
2892,Refrigerant
2893,Exhaust
2894,Exhaust
2895,Air
2896,Air
2897,Refrigerant
2898,Refrigerant
2899,Exhaust
2900,Water
2901,Water
2902,Water
2903,Exhaust
2904,Exhaust
2905,Exhaust
2906,Water
2907,Water
2908,Air
2909,Air
2910,Air
2911,Water
2912,Oil
2913,Steam
2914,Air
2915,Exhaust
2916,Exhaust
2917,Exhaust
2918,Air
2919,Air
2920,Exhaust
2921,Air
2922,Air
2923,Air
2924,Air
2925,Air
2926,Air
2927,Air
2928,Refrigerant
2929,Refrigerant
2930,Refrigerant
2931,Refrigerant
2932,Oil
2933,Unknown
2934,Unknown
2935,Unknown
2936,Unknown
2937,Unknown
2938,Exhaust
2939,Exhaust
2940,Exhaust
2941,Exhaust
2942,Exhaust
2943,Exhaust
2944,Exhaust
2945,Exhaust
2946,Exhaust
2947,Exhaust
2948,Exhaust
2949,Exhaust
2950,Exhaust
2951,Exhaust
2952,Exhaust
2953,Exhaust
2954,Exhaust
2955,Exhaust
2956,Exhaust
2957,Exhaust
2958,Exhaust
2959,Exhaust
2960,Exhaust
2961,Exhaust
2962,Exhaust
2963,Air
2964,Air
2965,Air
2966,Air
2967,Air
2968,Air
2969,Air
2970,Air
2971,Air
2972,Air
2973,Air
2974,Air
2975,Air
2976,Air
2977,Air
2978,Air
2979,Air
2980,Air
2981,Air
2982,Air
2983,Air
2984,Air
2985,Air
2986,Air
2987,Air
2988,Oil
2989,Oil
2990,Water
2991,Water
2992,Water
2993,Water
2994,Water
2995,Water
2996,Water
2997,Water
2998,Water
2999,Water
3000,Water
3001,Water
3002,Water
3003,Water
3004,Water
3005,Water
3006,Water
3007,Water
3008,Water
3009,Water
3010,Water
3011,Water
3012,Water
3013,Water
3014,Water
3015,Water
3016,Water
3017,Water
3018,Water
3019,Water
3020,Water
3021,Water
3022,Water
3023,Water
3024,Water
3025,Water
3026,Water
3027,Water
3028,Water
3029,Water
3030,Water
3031,Water
3032,Water
3033,Water
3034,Water
3035,Water
3036,Water
3037,Water
3038,Unknown
3039,Unknown
3040,Unknown
3041,Unknown
3042,Water
3043,Water
3044,Water
3045,Water
3046,Water
3047,Water
3048,Water
3049,Oil
3050,Oil
3051,Exhaust
3052,Steam
3053,Steam
3054,Steam
3055,Exhaust
3056,Air
3057,Air
3058,Air
3059,Refrigerant
3060,Air
3061,Air
3062,Air
3063,Air
3064,Air
3065,Air
3066,Refrigerant
3067,Refrigerant
3068,Air
3069,Air
3070,Air
3071,Exhaust
3072,Exhaust
3073,Exhaust
3074,Air
3075,Air
3076,Air
3077,Exhaust
3078,Exhaust
3079,Air
3080,Air
3081,Air
3082,Air
3083,Exhaust
3084,Exhaust
3085,Air
3086,Exhaust
3087,Air
3088,Air
3089,Exhaust
3090,Exhaust
3091,Exhaust
3092,Exhaust
3093,Exhaust
3094,Exhaust
3095,Exhaust
3096,Exhaust
3097,Exhaust
3098,Water
3099,Water
3100,Water
3101,Water
3102,Water
3103,Air
3104,Air
3105,Air
3106,Air
3107,Steam
3108,Exhaust
3109,Exhaust
3110,Water
3111,Water
3112,Water
3113,Water
3114,Water
3115,Water
3116,Water
3117,Water
3118,Water
3119,Water
3120,Water
3121,Water
3122,Exhaust
3123,Refrigerant
3124,Steam
3125,Refrigerant
3126,Air
3127,Water
3128,Steam
3129,Exhaust
3130,Water
3131,Exhaust
3132,Water
3133,Water
3134,Water
3135,Water
3136,Water
3137,Exhaust
3138,Refrigerant
3139,Refrigerant
3140,Refrigerant
3141,Refrigerant
3142,Air
3143,Air
3144,Air
3145,Air
3146,Exhaust
3147,Air
3148,Exhaust
3149,Exhaust
3150,Air
3151,Exhaust
3152,Air
3153,Exhaust
3154,Air
3155,Exhaust
3156,Exhaust
3157,Air
3158,Exhaust
3159,Refrigerant
3160,Exhaust
3161,Oil
3162,Oil
3163,Oil
3164,Oil
3165,Refrigerant
3166,Refrigerant
3167,Exhaust
3168,Refrigerant
3169,Water
3170,Water
3171,Exhaust
3172,Exhaust
3173,Water
3174,Exhaust
3175,Exhaust
3176,Exhaust
3177,Exhaust
3178,Exhaust
3179,Water
3180,Water
3181,Refrigerant
3182,Water
3183,Water
3184,Steam
3185,Exhaust
3186,Exhaust
3187,Steam
3188,Water
3189,Steam
3190,Steam
3191,Air
3192,Exhaust
3193,Steam
3194,Steam
3195,Exhaust
3196,Exhaust
3197,Exhaust
3198,Water
3199,Air
3200,Oil
3201,Refrigerant
3202,Water
3203,Air
3204,Exhaust
3205,Steam
3206,Steam
3207,Steam
3208,Steam
3209,Steam
3210,Steam
3211,Steam
3212,Steam
3213,Steam
3214,Exhaust
3215,Steam
3216,Exhaust
3217,Unknown
3218,Steam
3219,Steam
3220,Steam
3221,Steam
3222,Steam
3223,Steam
3224,Air
3225,Steam
3226,Steam
3227,Air
3228,Steam
3229,Steam
3230,Steam
3231,Steam
3232,Air
3233,Exhaust
3234,Air
3235,Air
3236,Refrigerant
3237,Refrigerant
3238,Water
3239,Air
3240,Exhaust
3241,Refrigerant
3242,Refrigerant
3243,Refrigerant
3244,Refrigerant
3245,Refrigerant
3246,Refrigerant
3247,Refrigerant
3248,Refrigerant
3249,Exhaust
3250,Exhaust
3251,Air
3252,Air
3253,Air
3254,Water
3255,Water
3256,Air
3257,Air
3258,Air
3259,Air
3260,Air
3261,Steam
3262,Steam
3263,Steam
3264,Air
3265,Exhaust
3266,Steam
3267,Air
3268,Air
3269,Air
3270,Air
3271,Air
3272,Air
3273,Steam
3274,Air
3275,Air
3276,Air
3277,Steam
3278,Air
3279,Air
3280,Air
3281,Air
3282,Water
3283,Air
3284,Refrigerant
3285,Exhaust
3286,Exhaust
3287,Exhaust
3288,Air
3289,Air
3290,Exhaust
3291,Exhaust
3292,Water
3293,Exhaust
3294,Exhaust
3295,Exhaust
3296,Exhaust
3297,Exhaust
3298,Exhaust
3299,Refrigerant
3300,Exhaust
3301,Exhaust
3302,Water
3303,Exhaust
3304,Exhaust
3305,Exhaust
3306,Exhaust
3307,Air
3308,Exhaust
3309,Exhaust
3310,Exhaust
3311,Exhaust
3312,Exhaust
3313,Exhaust
3314,Exhaust
3315,Steam
3316,Steam
3317,Exhaust
3318,Exhaust
3319,Exhaust
3320,Air
3321,Exhaust
3322,Exhaust
3323,Air
3324,Exhaust
3325,Steam
3326,Steam
3327,Steam
3328,Water
3329,Refrigerant
3330,Unknown
3331,Unknown
3332,Unknown
3333,Unknown
3334,Unknown
3335,Unknown
3336,Unknown
3337,Unknown
3338,Unknown
3339,Unknown
3340,Unknown
3341,Unknown
3342,Unknown
3343,Exhaust
3344,Exhaust
3345,Exhaust
3346,Exhaust
3347,Exhaust
3348,Air
3349,Exhaust
3350,Exhaust
3351,Exhaust
3352,Exhaust
3353,Exhaust
3354,Exhaust
3355,Exhaust
3356,Exhaust
3357,Air
3358,Air
3359,Air
3360,Air
3361,Air
3362,Air
3363,Air
3364,Air
3365,Exhaust
3366,Exhaust
3367,Exhaust
3368,Air
3369,Exhaust
3370,Air
3371,Air
3372,Air
3373,Air
3374,Air
3375,Air
3376,Air
3377,Air
3378,Air
3379,Air
3380,Air
3381,Water
3382,Air
3383,Exhaust
3384,Exhaust
3385,Water
3386,Air
3387,Air
3388,Air
3389,Air
3390,Air
3391,Air
3392,Air
3393,Exhaust
3394,Water
3395,Refrigerant
3396,Oil
3397,Refrigerant
3398,Water
3399,Water
3400,Water
3401,Exhaust
3402,Exhaust
3403,Exhaust
3404,Exhaust
3405,Exhaust
3406,Exhaust
3407,Exhaust
3408,Oil
3409,Water
3410,Refrigerant
3411,Exhaust
3412,Refrigerant
3413,Unknown
3414,Unknown
3415,Unknown
3416,Unknown
3417,Unknown
3418,Water
3419,Water
3420,Water
3421,Water
3422,Water
3423,Exhaust
3424,Refrigerant
3425,Water
3426,Air
3427,Refrigerant
3428,Refrigerant
3429,Air
3430,Steam
3431,Exhaust
3432,Air
3433,Air
3434,Air
3435,Air
3436,Air
3437,Air
3438,Air
3439,Air
3440,Air
3441,Air
3442,Air
3443,Air
3444,Air
3445,Air
3446,Air
3447,Air
3448,Air
3449,Air
3450,Air
3451,Air
3452,Air
3453,Water
3454,Air
3455,Water
3456,Air
3457,Refrigerant
3458,Exhaust
3459,Water
3460,Exhaust
3461,Water
3462,Air
3463,Water
3464,Water
3465,Air
3466,Exhaust
3467,Exhaust
3468,Unknown
3469,Unknown
3470,Unknown
3471,Exhaust
3472,Water
3473,Steam
3474,Steam
3475,Refrigerant
3476,Refrigerant
3477,Refrigerant
3478,Refrigerant
3479,Exhaust
3480,Unknown
3481,Unknown
3482,Unknown
3483,Unknown
3484,Unknown
3485,Unknown
3486,Unknown
3487,Unknown
3488,Unknown
3489,Unknown
3490,Unknown
3491,Unknown
3492,Unknown
3493,Unknown
3494,Unknown
3495,Unknown
3496,Refrigerant
3497,Refrigerant
3498,Water
3499,Water
3500,Water
3501,Water
3502,Water
3503,Refrigerant
3504,Refrigerant
3505,Refrigerant
3506,Refrigerant
3507,Refrigerant
3508,Steam
3509,Water
3510,Steam
3511,Refrigerant
3512,Water
3513,Refrigerant
3514,Refrigerant
3515,Refrigerant
3516,Water
3517,Water
3518,Steam
3519,Steam
3520,Water
3521,Refrigerant
3522,Water
3523,Steam
3524,Water
3525,Steam
3526,Steam
3527,Steam
3528,Water
3529,Steam
3530,Water
3531,Water
3532,Steam
3533,Steam
3534,Steam
3535,Steam
3536,Water
3537,Water
3538,Steam
3539,Steam
3540,Steam
3541,Steam
3542,Water
3543,Refrigerant
3544,Air
3545,Water
3546,Exhaust
3547,Water
3548,Exhaust
3549,Water
3550,Steam
3551,Exhaust
3552,Exhaust
3553,Air
3554,Air
3555,Steam
3556,Steam
3557,Steam
3558,Air
3559,Refrigerant
3560,Air
3561,Water
3562,Air
3563,Air
3564,Air
3565,Air
3566,Air
3567,Water
3568,Exhaust
3569,Water
3570,Air
3571,Refrigerant
3572,Refrigerant
3573,Steam
3574,Water
3575,Refrigerant
3576,Air
3577,Refrigerant
3578,Air
3579,Refrigerant
3580,Refrigerant
3581,Refrigerant
3582,Steam
3583,Steam
3584,Steam
3585,Steam
3586,Refrigerant
3587,Refrigerant
3588,Water
3589,Exhaust
3590,Water
3591,Steam
3592,Air
3593,Exhaust
3594,Exhaust
3595,Exhaust
3596,Exhaust
3597,Air
3598,Exhaust
3599,Exhaust
3600,Water
3601,Water
3602,Exhaust
3603,Air
3604,Air
3605,Air
3606,Refrigerant
3607,Refrigerant
3608,Exhaust
3609,Exhaust
3610,Exhaust
3611,Exhaust
3612,Air
3613,Air
3614,Steam
3615,Exhaust
3616,Exhaust
3617,Exhaust
3618,Exhaust
3619,Exhaust
3620,Water
3621,Water
3622,Oil
3623,Oil
3624,Refrigerant
3625,Refrigerant
3626,Water
3627,Water
3628,Exhaust
3629,Exhaust
3630,Exhaust
3631,Refrigerant
3632,Air
3633,Air
3634,Air
3635,Refrigerant
3636,Refrigerant
3637,Refrigerant
3638,Refrigerant
3639,Refrigerant
3640,Refrigerant
3641,Air
3642,Refrigerant
3643,Refrigerant
3644,Refrigerant
3645,Refrigerant
3646,Refrigerant
3647,Refrigerant
3648,Refrigerant
3649,Refrigerant
3650,Refrigerant
3651,Refrigerant
3652,Refrigerant
3653,Refrigerant
3654,Refrigerant
3655,Refrigerant
3656,Refrigerant
3657,Refrigerant
3658,Refrigerant
3659,Refrigerant
3660,Refrigerant
3661,Refrigerant
3662,Refrigerant
3663,Refrigerant
3664,Refrigerant
3665,Refrigerant
3666,Refrigerant
3667,Refrigerant
3668,Air
3669,Air
3670,Air
3671,Air
3672,Air
3673,Air
3674,Air
3675,Air
3676,Air
3677,Water
3678,Water
3679,Water
3680,Water
3681,Water
3682,Water
3683,Water
3684,Water
3685,Water
3686,Water
3687,Water
3688,Water
3689,Water
3690,Air
3691,Water
3692,Water
3693,Water
3694,Water
3695,Water
3696,Water
3697,Water
3698,Water
3699,Air
3700,Water
3701,Water
3702,Water
3703,Water
3704,Steam
3705,Steam
3706,Steam
3707,Air
3708,Air
3709,Water
3710,Water
3711,Water
3712,Exhaust
3713,Water
3714,Steam
3715,Exhaust
3716,Water
3717,Water
3718,Air
3719,Steam
3720,Air
3721,Air
3722,Exhaust
3723,Exhaust
3724,Air
3725,Air
3726,Exhaust
3727,Air
3728,Refrigerant
3729,Water
3730,Exhaust
3731,Exhaust
3732,Air
3733,Steam
3734,Exhaust
3735,Air
3736,Air
3737,Air
3738,Air
3739,Air
3740,Air
3741,Air
3742,Water
3743,Exhaust
3744,Unknown
3745,Unknown
3746,Unknown
3747,Unknown
3748,Unknown
3749,Unknown
3750,Unknown
3751,Unknown
3752,Unknown
3753,Unknown
3754,Unknown
3755,Unknown
3756,Unknown
3757,Unknown
3758,Unknown
3759,Unknown
3760,Unknown
3761,Unknown
3762,Unknown
3763,Unknown
3764,Unknown
3765,Unknown
3766,Unknown
3767,Unknown
3768,Exhaust
3769,Exhaust
3770,Air
3771,Exhaust
3772,Exhaust
3773,Water
3774,Water
3775,Exhaust
3776,Air
3777,Steam
3778,Oil
3779,Water
3780,Air
3781,Air
3782,Air
3783,Air
3784,Steam
3785,Steam
3786,Exhaust
3787,Exhaust
3788,Exhaust
3789,Refrigerant
3790,Water
3791,Water
3792,Water
3793,Unknown
3794,Unknown
3795,Unknown
3796,Unknown
3797,Unknown
3798,Unknown
3799,Unknown
3800,Unknown
3801,Unknown
3802,Unknown
3803,Unknown
3804,Unknown
3805,Unknown
3806,Unknown
3807,Unknown
3808,Unknown
3809,Unknown
3810,Unknown
3811,Unknown
3812,Unknown
3813,Unknown
3814,Unknown
3815,Unknown
3816,Unknown
3817,Unknown
3818,Exhaust
3819,Air
3820,Air
3821,Air
3822,Air
3823,Air
3824,Air
3825,Exhaust
3826,Air
3827,Air
3828,Exhaust
3829,Exhaust
3830,Air
3831,Air
3832,Air
3833,Air
3834,Air
3835,Exhaust
3836,Air
3837,Air
3838,Air
3839,Air
3840,Air
3841,Air
3842,Air
3843,Unknown
3844,Unknown
3845,Unknown
3846,Unknown
3847,Unknown
3848,Unknown
3849,Unknown
3850,Unknown
3851,Unknown
3852,Unknown
3853,Unknown
3854,Unknown
3855,Unknown
3856,Unknown
3857,Unknown
3858,Unknown
3859,Unknown
3860,Unknown
3861,Unknown
3862,Unknown
3863,Unknown
3864,Unknown
3865,Unknown
3866,Unknown
3867,Unknown
3868,Water
3869,Oil
3870,Water
3871,Exhaust
3872,Exhaust
3873,Exhaust
3874,Exhaust
3875,Exhaust
3876,Exhaust
3877,Exhaust
3878,Exhaust
3879,Exhaust
3880,Refrigerant
3881,Exhaust
3882,Exhaust
3883,Exhaust
3884,Exhaust
3885,Exhaust
3886,Exhaust
3887,Exhaust
3888,Exhaust
3889,Refrigerant
3890,Exhaust
3891,Exhaust
3892,Exhaust
3893,Exhaust
3894,Refrigerant
3895,Refrigerant
3896,Air
3897,Exhaust
3898,Air
3899,Refrigerant
3900,Air
3901,Air
3902,Refrigerant
3903,Exhaust
3904,Steam
3905,Steam
3906,Water
3907,Water
3908,Water
3909,Water
3910,Exhaust
3911,Exhaust
3912,Exhaust
3913,Exhaust
3914,Exhaust
3915,Refrigerant
3916,Refrigerant
3917,Air
3918,Exhaust
3919,Air
3920,Refrigerant
3921,Refrigerant
3922,Refrigerant
3923,Exhaust
3924,Air
3925,Air
3926,Air
3927,Refrigerant
3928,Refrigerant
3929,Refrigerant
3930,Refrigerant
3931,Refrigerant
3932,Refrigerant
3933,Refrigerant
3934,Refrigerant
3935,Refrigerant
3936,Refrigerant
3937,Refrigerant
3938,Refrigerant
3939,Refrigerant
3940,Refrigerant
3941,Refrigerant
3942,Refrigerant
3943,Refrigerant
3944,Refrigerant
3945,Refrigerant
3946,Refrigerant
3947,Refrigerant
3948,Refrigerant
3949,Exhaust
3950,Exhaust
3951,Air
3952,Steam
3953,Water
3954,Water
3955,Refrigerant
3956,Steam
3957,Refrigerant
3958,Exhaust
3959,Steam
3960,Refrigerant
3961,Refrigerant
3962,Steam
3963,Steam
3964,Refrigerant
3965,Oil
3966,Refrigerant
3967,Refrigerant
3968,Unknown
3969,Refrigerant
3970,Refrigerant
3971,Refrigerant
3972,Air
3973,Refrigerant
3974,Air
3975,Air
3976,Exhaust
3977,Steam
3978,Steam
3979,Air
3980,Steam
3981,Water
3982,Water
3983,Exhaust
3984,Exhaust
3985,Exhaust
3986,Exhaust
3987,Steam
3988,Water
3989,Water
3990,Exhaust
3991,Exhaust
3992,Steam
3993,Steam
3994,Oil
3995,Oil
3996,Exhaust
3997,Exhaust
3998,Steam
3999,Air
4000,Exhaust
4001,Air
4002,Air
4003,Oil
4004,Refrigerant
4005,Refrigerant
4006,Refrigerant
4007,Refrigerant
4008,Refrigerant
4009,Refrigerant
4010,Refrigerant
4011,Refrigerant
4012,Refrigerant
4013,Air
4014,Refrigerant
4015,Air
4016,Air
4017,Air
4018,Exhaust
4019,Exhaust
4020,Exhaust
4021,Exhaust
4022,Exhaust
4023,Exhaust
4024,Exhaust
4025,Exhaust
4026,Exhaust
4027,Exhaust
4028,Exhaust
4029,Exhaust
4030,Exhaust
4031,Exhaust
4032,Exhaust
4033,Exhaust
4034,Exhaust
4035,Exhaust
4036,Exhaust
4037,Exhaust
4038,Air
4039,Steam
4040,Exhaust
4041,Steam
4042,Air
4043,Water
4044,Exhaust
4045,Water
4046,Air
4047,Air
4048,Air
4049,Air
4050,Air
4051,Air
4052,Exhaust
4053,Water
4054,Air
4055,Air
4056,Air
4057,Refrigerant
4058,Steam
4059,Exhaust
4060,Steam
4061,Exhaust
4062,Water
4063,Air
4064,Water
4065,Air
4066,Air
4067,Air
4068,Water
4069,Water
4070,Exhaust
4071,Exhaust
4072,Water
4073,Air
4074,Exhaust
4075,Exhaust
4076,Exhaust
4077,Exhaust
4078,Exhaust
4079,Exhaust
4080,Exhaust
4081,Exhaust
4082,Exhaust
4083,Exhaust
4084,Exhaust
4085,Exhaust
4086,Exhaust
4087,Exhaust
4088,Exhaust
4089,Exhaust
4090,Exhaust
4091,Exhaust
4092,Air
4093,Air
4094,Air
4095,Air
4096,Air
4097,Air
4098,Air
4099,Water
4100,Water
4101,Air
4102,Water
4103,Air
4104,Air
4105,Refrigerant
4106,Exhaust
4107,Air
4108,Exhaust
4109,Air
4110,Water
4111,Water
4112,Exhaust
4113,Exhaust
4114,Water
4115,Water
4116,Water
4117,Air
4118,Steam
4119,Exhaust
4120,Exhaust
4121,Water
4122,Exhaust
4123,Exhaust
4124,Exhaust
4125,Exhaust
4126,Water
4127,Water
4128,Exhaust
4129,Water
4130,Steam
4131,Water
4132,Steam
4133,Air
4134,Water
4135,Exhaust
4136,Water
4137,Steam
4138,Steam
4139,Water
4140,Steam
4141,Exhaust
4142,Exhaust
4143,Water
4144,Water
4145,Steam
4146,Steam
4147,Water
4148,Air
4149,Steam
4150,Air
4151,Air
4152,Air
4153,Water
4154,Steam
4155,Air
4156,Air
4157,Air
4158,Air
4159,Water
4160,Exhaust
4161,Exhaust
4162,Steam
4163,Air
4164,Air
4165,Air
4166,Water
4167,Air
4168,Water
4169,Steam
4170,Air
4171,Water
4172,Exhaust
4173,Air
4174,Water
4175,Steam
4176,Air
4177,Air
4178,Air
4179,Air
4180,Air
4181,Air
4182,Air
4183,Air
4184,Air
4185,Air
4186,Exhaust
4187,Exhaust
4188,Steam
4189,Water
4190,Water
4191,Exhaust
4192,Exhaust
4193,Air
4194,Steam
4195,Exhaust
4196,Exhaust
4197,Exhaust
4198,Exhaust
4199,Air
4200,Water
4201,Air
4202,Exhaust
4203,Water
4204,Exhaust
4205,Exhaust
4206,Exhaust
4207,Exhaust
4208,Air
4209,Exhaust
4210,Exhaust
4211,Exhaust
4212,Exhaust
4213,Air
4214,Air
4215,Exhaust
4216,Exhaust
4217,Air
4218,Air
4219,Water
4220,Exhaust
4221,Exhaust
4222,Air
4223,Air
4224,Air
4225,Air
4226,Air
4227,Water
4228,Air
4229,Exhaust
4230,Exhaust
4231,Water
4232,Water
4233,Water
4234,Water
4235,Water
4236,Water
4237,Water
4238,Water
4239,Water
4240,Water
4241,Exhaust
4242,Water
4243,Water
4244,Water
4245,Water
4246,Water
4247,Water
4248,Air
4249,Air
4250,Water
4251,Water
4252,Water
4253,Steam
4254,Air
4255,Oil
4256,Air
4257,Air
4258,Air
4259,Air
4260,Air
4261,Water
4262,Water
4263,Water
4264,Water
4265,Water
4266,Steam
4267,Air
4268,Air
4269,Air
4270,Air
4271,Exhaust
4272,Exhaust
4273,Exhaust
4274,Air
4275,Air
4276,Air
4277,Air
4278,Air
4279,Air
4280,Air
4281,Air
4282,Air
4283,Water
4284,Air
4285,Air
4286,Exhaust
4287,Exhaust
4288,Air
4289,Air
4290,Air
4291,Water
4292,Air
4293,Air
4294,Air
4295,Exhaust
4296,Exhaust
4297,Exhaust
4298,Exhaust
4299,Exhaust
4300,Exhaust
4301,Exhaust
4302,Exhaust
4303,Exhaust
4304,Exhaust
4305,Exhaust
4306,Exhaust
4307,Exhaust
4308,Exhaust
4309,Exhaust
4310,Exhaust
4311,Exhaust
4312,Water
4313,Water
4314,Exhaust
4315,Exhaust
4316,Exhaust
4317,Exhaust
4318,Exhaust
4319,Exhaust
4320,Exhaust
4321,Exhaust
4322,Exhaust
4323,Exhaust
4324,Exhaust
4325,Refrigerant
4326,Refrigerant
4327,Water
4328,Water
4329,Water
4330,Refrigerant
4331,Refrigerant
4332,Water
4333,Water
4334,Exhaust
4335,Water
4336,Exhaust
4337,Exhaust
4338,Water
4339,Water
4340,Air
4341,Air
4342,Exhaust
4343,Exhaust
4344,Exhaust
4345,Exhaust
4346,Air
4347,Steam
4348,Steam
4349,Air
4350,Exhaust
4351,Exhaust
4352,Exhaust
4353,Exhaust
4354,Exhaust
4355,Exhaust
4356,Exhaust
4357,Exhaust
4358,Exhaust
4359,Exhaust
4360,Water
4361,Exhaust
4362,Steam
4363,Steam
4364,Steam
4365,Steam
4366,Steam
4367,Steam
4368,Exhaust
4369,Exhaust
4370,Exhaust
4371,Exhaust
4372,Exhaust
4373,Exhaust
4374,Exhaust
4375,Exhaust
4376,Exhaust
4377,Air
4378,Exhaust
4379,Exhaust
4380,Air
4381,Air
4382,Exhaust
4383,Air
4384,Air
4385,Water
4386,Air
4387,Water
4388,Water
4389,Air
4390,Air
4391,Exhaust
4392,Exhaust
4393,Refrigerant
4394,Air
4395,Air
4396,Air
4397,Exhaust
4398,Exhaust
4399,Air
4400,Air
4401,Refrigerant
4402,Refrigerant
4403,Air
4404,Air
4405,Exhaust
4406,Water
4407,Refrigerant
4408,Refrigerant
4409,Exhaust
4410,Air
4411,Steam
4412,Steam
4413,Steam
4414,Exhaust
4415,Air
4416,Air
4417,Exhaust
4418,Exhaust
4419,Air
4420,Exhaust
4421,Air
4422,Exhaust
4423,Air
4424,Exhaust
4425,Air
4426,Air
4427,Air
4428,Water
4429,Air
4430,Air
4431,Air
4432,Air
4433,Water
4434,Exhaust
4435,Water
4436,Water
4437,Water
4438,Water
4439,Water
4440,Water
4441,Water
4442,Air
4443,Air
4444,Unknown
4445,Unknown
4446,Unknown
4447,Unknown
4448,Unknown
4449,Unknown
4450,Unknown
4451,Unknown
4452,Unknown
4453,Unknown
4454,Unknown
4455,Unknown
4456,Unknown
4457,Unknown
4458,Unknown
4459,Unknown
4460,Unknown
4461,Unknown
4462,Unknown
4463,Unknown
4464,Unknown
4465,Unknown
4466,Unknown
4467,Unknown
4468,Air
4469,Air
4470,Air
4471,Air
4472,Air
4473,Air
4474,Exhaust
4475,Air
4476,Air
4477,Air
4478,Water
4479,Exhaust
4480,Steam
4481,Steam
4482,Steam
4483,Steam
4484,Steam
4485,Steam
4486,Steam
4487,Steam
4488,Steam
4489,Steam
4490,Steam
4491,Steam
4492,Refrigerant
4493,Air
4494,Air
4495,Air
4496,Air
4497,Air
4498,Air
4499,Air
4500,Air
4501,Air
4502,Air
4503,Air
4504,Air
4505,Air
4506,Air
4507,Air
4508,Air
4509,Water
4510,Water
4511,Water
4512,Water
4513,Exhaust
4514,Exhaust
4515,Exhaust
4516,Exhaust
4517,Exhaust
4518,Exhaust
4519,Exhaust
4520,Water
4521,Water
4522,Air
4523,Air
4524,Air
4525,Air
4526,Air
4527,Water
4528,Exhaust
4529,Water
4530,Air
4531,Air
4532,Air
4533,Air
4534,Air
4535,Water
4536,Water
4537,Water
4538,Water
4539,Exhaust
4540,Exhaust
4541,Exhaust
4542,Exhaust
4543,Unknown
4544,Exhaust
4545,Exhaust
4546,Exhaust
4547,Exhaust
4548,Exhaust
4549,Oil
4550,Oil
4551,Oil
4552,Air
4553,Air
4554,Air
4555,Water
4556,Water
4557,Water
4558,Water
4559,Water
4560,Unknown
4561,Unknown
4562,Unknown
4563,Unknown
4564,Unknown
4565,Unknown
4566,Unknown
4567,Unknown
4568,Unknown
4569,Exhaust
4570,Exhaust
4571,Water
4572,Water
4573,Exhaust
4574,Exhaust
4575,Water
4576,Water
4577,Exhaust
4578,Exhaust
4579,Exhaust
4580,Steam
4581,Steam
4582,Exhaust
4583,Exhaust
4584,Air
4585,Air
4586,Air
4587,Air
4588,Exhaust
4589,Exhaust
4590,Water
4591,Air
4592,Exhaust
4593,Exhaust
4594,Exhaust
4595,Exhaust
4596,Exhaust
4597,Air
4598,Air
4599,Air
4600,Air
4601,Air
4602,Air
4603,Air
4604,Air
4605,Air
4606,Air
4607,Air
4608,Exhaust
4609,Exhaust
4610,Exhaust
4611,Exhaust
4612,Exhaust
4613,Exhaust
4614,Water
4615,Exhaust
4616,Exhaust
4617,Exhaust
4618,Exhaust
4619,Unknown
4620,Unknown
4621,Unknown
4622,Unknown
4623,Unknown
4624,Unknown
4625,Unknown
4626,Unknown
4627,Unknown
4628,Unknown
4629,Unknown
4630,Unknown
4631,Unknown
4632,Unknown
4633,Unknown
4634,Unknown
4635,Unknown
4636,Unknown
4637,Unknown
4638,Unknown
4639,Unknown
4640,Unknown
4641,Unknown
4642,Unknown
4643,Unknown
4644,Water
4645,Air
4646,Water
4647,Air
4648,Air
4649,Air
4650,Air
4651,Air
4652,Water
4653,Water
4654,Air
4655,Air
4656,Air
4657,Air
4658,Exhaust
4659,Exhaust
4660,Exhaust
4661,Exhaust
4662,Air
4663,Air
4664,Air
4665,Exhaust
4666,Exhaust
4667,Exhaust
4668,Air
4669,Unknown
4670,Unknown
4671,Unknown
4672,Unknown
4673,Unknown
4674,Unknown
4675,Unknown
4676,Unknown
4677,Unknown
4678,Unknown
4679,Unknown
4680,Unknown
4681,Unknown
4682,Unknown
4683,Unknown
4684,Unknown
4685,Unknown
4686,Unknown
4687,Unknown
4688,Unknown
4689,Unknown
4690,Unknown
4691,Unknown
4692,Unknown
4693,Unknown
4694,Water
4695,Air
4696,Air
4697,Air
4698,Air
4699,Air
4700,Air
4701,Air
4702,Air
4703,Air
4704,Water
4705,Air
4706,Air
4707,Air
4708,Air
4709,Exhaust
4710,Air
4711,Air
4712,Air
4713,Air
4714,Air
4715,Air
4716,Air
4717,Air
4718,Air
4719,Exhaust
4720,Exhaust
4721,Water
4722,Steam
4723,Steam
4724,Air
4725,Air
4726,Air
4727,Air
4728,Air
4729,Air
4730,Air
4731,Exhaust
4732,Exhaust
4733,Exhaust
4734,Air
4735,Air
4736,Air
4737,Air
4738,Water
4739,Air
4740,Air
4741,Air
4742,Air
4743,Air
4744,Water
4745,Air
4746,Air
4747,Air
4748,Air
4749,Air
4750,Water
4751,Air
4752,Air
4753,Water
4754,Air
4755,Unknown
4756,Unknown
4757,Unknown
4758,Unknown
4759,Unknown
4760,Unknown
4761,Unknown
4762,Unknown
4763,Unknown
4764,Unknown
4765,Unknown
4766,Unknown
4767,Unknown
4768,Unknown
4769,Exhaust
4770,Exhaust
4771,Exhaust
4772,Exhaust
4773,Exhaust
4774,Exhaust
4775,Water
4776,Water
4777,Steam
4778,Oil
4779,Water
4780,Water
4781,Water
4782,Water
4783,Water
4784,Water
4785,Water
4786,Water
4787,Air
4788,Exhaust
4789,Steam
4790,Water
4791,Exhaust
4792,Exhaust
4793,Exhaust
4794,Exhaust
4795,Water
4796,Water
4797,Water
4798,Exhaust
4799,Steam
4800,Steam
4801,Water
4802,Water
4803,Water
4804,Oil
4805,Oil
4806,Oil
4807,Oil
4808,Oil
4809,Oil
4810,Oil
4811,Oil
4812,Oil
4813,Oil
4814,Oil
4815,Oil
4816,Oil
4817,Oil
4818,Steam
4819,Unknown
4820,Unknown
4821,Unknown
4822,Unknown
4823,Unknown
4824,Unknown
4825,Unknown
4826,Unknown
4827,Unknown
4828,Unknown
4829,Unknown
4830,Unknown
4831,Unknown
4832,Unknown
4833,Unknown
4834,Unknown
4835,Unknown
4836,Unknown
4837,Unknown
4838,Unknown
4839,Unknown
4840,Unknown
4841,Unknown
4842,Unknown
4843,Unknown
4844,Exhaust
4845,Water
4846,Water
4847,Exhaust
4848,Exhaust
4849,Air
4850,Air
4851,Exhaust
4852,Air
4853,Air
4854,Air
4855,Air
4856,Oil
4857,Oil
4858,Oil
4859,Exhaust
4860,Exhaust
4861,Exhaust
4862,Exhaust
4863,Exhaust
4864,Exhaust
4865,Exhaust
4866,Oil
4867,Oil
4868,Water
4869,Unknown
4870,Unknown
4871,Unknown
4872,Unknown
4873,Unknown
4874,Unknown
4875,Unknown
4876,Unknown
4877,Unknown
4878,Unknown
4879,Unknown
4880,Unknown
4881,Unknown
4882,Unknown
4883,Unknown
4884,Unknown
4885,Unknown
4886,Unknown
4887,Unknown
4888,Unknown
4889,Unknown
4890,Unknown
4891,Unknown
4892,Unknown
4893,Unknown
4894,Refrigerant
4895,Exhaust
4896,Water
4897,Exhaust
4898,Exhaust
4899,Exhaust
4900,Oil
4901,Air
4902,Air
4903,Air
4904,Air
4905,Exhaust
4906,Unknown
4907,Unknown
4908,Unknown
4909,Unknown
4910,Unknown
4911,Unknown
4912,Unknown
4913,Unknown
4914,Unknown
4915,Unknown
4916,Unknown
4917,Unknown
4918,Unknown
4919,Water
4920,Water
4921,Water
4922,Air
4923,Air
4924,Air
4925,Air
4926,Air
4927,Air
4928,Air
4929,Air
4930,Air
4931,Air
4932,Air
4933,Air
4934,Refrigerant
4935,Refrigerant
4936,Refrigerant
4937,Air
4938,Air
4939,Air
4940,Exhaust
4941,Exhaust
4942,Exhaust
4943,Refrigerant
4944,Unknown
4945,Unknown
4946,Unknown
4947,Unknown
4948,Unknown
4949,Unknown
4950,Unknown
4951,Unknown
4952,Unknown
4953,Unknown
4954,Unknown
4955,Unknown
4956,Unknown
4957,Unknown
4958,Unknown
4959,Unknown
4960,Unknown
4961,Unknown
4962,Unknown
4963,Unknown
4964,Unknown
4965,Unknown
4966,Unknown
4967,Unknown
4968,Unknown
4969,Air
4970,Air
4971,Water
4972,Refrigerant
4973,Exhaust
4974,Exhaust
4975,Exhaust
4976,Exhaust
4977,Exhaust
4978,Water
4979,Water
4980,Water
4981,Water
4982,Exhaust
4983,Water
4984,Water
4985,Exhaust
4986,Exhaust
4987,Air
4988,Air
4989,Air
4990,Water
4991,Exhaust
4992,Air
4993,Exhaust
4994,Exhaust
4995,Water
4996,Water
4997,Exhaust
4998,Exhaust
4999,Water
5000,Water
5001,Water
5002,Water
5003,Air
5004,Air
5005,Air
5006,Air
5007,Water
5008,Water
5009,Water
5010,Water
5011,Water
5012,Water
5013,Water
5014,Water
5015,Water
5016,Exhaust
5017,Exhaust
5018,Water
5019,Refrigerant
5020,Refrigerant
5021,Exhaust
5022,Exhaust
5023,Exhaust
5024,Water
5025,Water
5026,Air
5027,Air
5028,Air
5029,Air
5030,Air
5031,Air
5032,Air
5033,Air
5034,Air
5035,Air
5036,Air
5037,Air
5038,Air
5039,Water
5040,Water
5041,Water
5042,Water
5043,Exhaust
5044,Water
5045,Water
5046,Exhaust
5047,Water
5048,Exhaust
5049,Exhaust
5050,Water
5051,Exhaust
5052,Exhaust
5053,Exhaust
5054,Exhaust
5055,Oil
5056,Water
5057,Water
5058,Exhaust
5059,Exhaust
5060,Exhaust
5061,Exhaust
5062,Exhaust
5063,Exhaust
5064,Exhaust
5065,Exhaust
5066,Exhaust
5067,Exhaust
5068,Exhaust
5069,Air
5070,Exhaust
5071,Exhaust
5072,Water
5073,Air
5074,Air
5075,Air
5076,Air
5077,Air
5078,Air
5079,Air
5080,Air
5081,Exhaust
5082,Exhaust
5083,Exhaust
5084,Exhaust
5085,Oil
5086,Air
5087,Air
5088,Exhaust
5089,Exhaust
5090,Exhaust
5091,Air
5092,Exhaust
5093,Exhaust
5094,Unknown
5095,Unknown
5096,Unknown
5097,Unknown
5098,Unknown
5099,Unknown
5100,Unknown
5101,Unknown
5102,Unknown
5103,Unknown
5104,Unknown
5105,Unknown
5106,Unknown
5107,Unknown
5108,Unknown
5109,Unknown
5110,Unknown
5111,Unknown
5112,Unknown
5113,Unknown
5114,Unknown
5115,Unknown
5116,Unknown
5117,Unknown
5118,Unknown
5119,Refrigerant
5120,Refrigerant
5121,Refrigerant
5122,Air
5123,Air
5124,Air
5125,Air
5126,Air
5127,Refrigerant
5128,Refrigerant
5129,Refrigerant
5130,Refrigerant
5131,Refrigerant
5132,Exhaust
5133,Water
5134,Exhaust
5135,Water
5136,Water
5137,Water
5138,Water
5139,Water
5140,Refrigerant
5141,Water
5142,Water
5143,Air
5144,Water
5145,Water
5146,Exhaust
5147,Exhaust
5148,Exhaust
5149,Exhaust
5150,Exhaust
5151,Exhaust
5152,Refrigerant
5153,Refrigerant
5154,Refrigerant
5155,Refrigerant
5156,Refrigerant
5157,Refrigerant
5158,Refrigerant
5159,Water
5160,Refrigerant
5161,Refrigerant
5162,Refrigerant
5163,Refrigerant
5164,Refrigerant
5165,Refrigerant
5166,Refrigerant
5167,Refrigerant
5168,Refrigerant
5169,Water
5170,Water
5171,Refrigerant
5172,Refrigerant
5173,Exhaust
5174,Refrigerant
5175,Refrigerant
5176,Refrigerant
5177,Refrigerant
5178,Exhaust
5179,Water
5180,Exhaust
5181,Water
5182,Air
5183,Air
5184,Air
5185,Air
5186,Air
5187,Air
5188,Oil
5189,Oil
5190,Exhaust
5191,Exhaust
5192,Exhaust
5193,Refrigerant
5194,Air
5195,Exhaust
5196,Water
5197,Exhaust
5198,Air
5199,Air
5200,Air
5201,Air
5202,Air
5203,Exhaust
5204,Air
5205,Air
5206,Air
5207,Air
5208,Air
5209,Air
5210,Air
5211,Air
5212,Air
5213,Air
5214,Air
5215,Air
5216,Air
5217,Air
5218,Air
5219,Unknown
5220,Unknown
5221,Unknown
5222,Unknown
5223,Unknown
5224,Unknown
5225,Unknown
5226,Unknown
5227,Unknown
5228,Unknown
5229,Unknown
5230,Unknown
5231,Unknown
5232,Unknown
5233,Unknown
5234,Unknown
5235,Unknown
5236,Unknown
5237,Unknown
5238,Unknown
5239,Unknown
5240,Unknown
5241,Unknown
5242,Unknown
5243,Unknown
5244,Unknown
5245,Unknown
5246,Unknown
5247,Unknown
5248,Unknown
5249,Unknown
5250,Unknown
5251,Unknown
5252,Unknown
5253,Unknown
5254,Unknown
5255,Unknown
5256,Unknown
5257,Unknown
5258,Unknown
5259,Unknown
5260,Unknown
5261,Unknown
5262,Unknown
5263,Unknown
5264,Unknown
5265,Unknown
5266,Unknown
5267,Unknown
5268,Unknown
5269,Unknown
5270,Unknown
5271,Unknown
5272,Unknown
5273,Unknown
5274,Unknown
5275,Unknown
5276,Unknown
5277,Unknown
5278,Unknown
5279,Unknown
5280,Unknown
5281,Unknown
5282,Unknown
5283,Unknown
5284,Unknown
5285,Unknown
5286,Unknown
5287,Unknown
5288,Unknown
5289,Unknown
5290,Unknown
5291,Unknown
5292,Unknown
5293,Air
5294,Water
5295,Air
5296,Air
5297,Air
5298,Steam
5299,Air
5300,Air
5301,Air
5302,Steam
5303,Air
5304,Air
5305,Air
5306,Air
5307,Air
5308,Air
5309,Air
5310,Air
5311,Air
5312,Air
5313,Air
5314,Exhaust
5315,Exhaust
5316,Exhaust
5317,Exhaust
5318,Unknown
5319,Unknown
5320,Unknown
5321,Unknown
5322,Unknown
5323,Unknown
5324,Unknown
5325,Unknown
5326,Unknown
5327,Unknown
5328,Unknown
5329,Unknown
5330,Unknown
5331,Unknown
5332,Unknown
5333,Unknown
5334,Unknown
5335,Unknown
5336,Unknown
5337,Unknown
5338,Unknown
5339,Unknown
5340,Unknown
5341,Unknown
5342,Unknown
5343,Unknown
5344,Water
5345,Water
5346,Water
5347,Water
5348,Water
5349,Water
5350,Water
5351,Air
5352,Air
5353,Water
5354,Water
5355,Water
5356,Water
5357,Water
5358,Air
5359,Exhaust
5360,Exhaust
5361,Exhaust
5362,Exhaust
5363,Exhaust
5364,Exhaust
5365,Water
5366,Water
5367,Water
5368,Water
5369,Unknown
5370,Unknown
5371,Unknown
5372,Unknown
5373,Unknown
5374,Unknown
5375,Unknown
5376,Unknown
5377,Unknown
5378,Unknown
5379,Unknown
5380,Unknown
5381,Unknown
5382,Unknown
5383,Unknown
5384,Unknown
5385,Unknown
5386,Unknown
5387,Unknown
5388,Unknown
5389,Unknown
5390,Unknown
5391,Unknown
5392,Unknown
5393,Unknown
5394,Unknown
5395,Unknown
5396,Unknown
5397,Unknown
5398,Unknown
5399,Unknown
5400,Unknown
5401,Unknown
5402,Unknown
5403,Unknown
5404,Unknown
5405,Unknown
5406,Unknown
5407,Unknown
5408,Unknown
5409,Unknown
5410,Unknown
5411,Unknown
5412,Unknown
5413,Unknown
5414,Unknown
5415,Unknown
5416,Unknown
5417,Unknown
5418,Unknown
5419,Unknown
5420,Unknown
5421,Unknown
5422,Unknown
5423,Unknown
5424,Unknown
5425,Unknown
5426,Unknown
5427,Unknown
5428,Unknown
5429,Unknown
5430,Unknown
5431,Unknown
5432,Unknown
5433,Unknown
5434,Unknown
5435,Unknown
5436,Unknown
5437,Unknown
5438,Unknown
5439,Unknown
5440,Unknown
5441,Unknown
5442,Unknown
5443,Unknown
5444,Unknown
5445,Unknown
5446,Unknown
5447,Unknown
5448,Unknown
5449,Unknown
5450,Unknown
5451,Unknown
5452,Unknown
5453,Unknown
5454,Unknown
5455,Unknown
5456,Unknown
5457,Unknown
5458,Unknown
5459,Unknown
5460,Unknown
5461,Unknown
5462,Unknown
5463,Unknown
5464,Unknown
5465,Unknown
5466,Unknown
5467,Unknown
5468,Unknown
5469,Unknown
5470,Unknown
5471,Unknown
5472,Unknown
5473,Unknown
5474,Unknown
5475,Unknown
5476,Unknown
5477,Unknown
5478,Unknown
5479,Unknown
5480,Unknown
5481,Unknown
5482,Unknown
5483,Unknown
5484,Unknown
5485,Unknown
5486,Unknown
5487,Unknown
5488,Unknown
5489,Unknown
5490,Unknown
5491,Unknown
5492,Unknown
5493,Unknown
5494,Unknown
5495,Unknown
5496,Unknown
5497,Unknown
5498,Unknown
5499,Unknown
5500,Unknown
5501,Unknown
5502,Unknown
5503,Unknown
5504,Unknown
5505,Unknown
5506,Unknown
5507,Unknown
5508,Unknown
5509,Unknown
5510,Unknown
5511,Unknown
5512,Unknown
5513,Unknown
5514,Unknown
5515,Unknown
5516,Unknown
5517,Unknown
5518,Unknown
5519,Unknown
5520,Unknown
5521,Unknown
5522,Unknown
5523,Unknown
5524,Unknown
5525,Unknown
5526,Unknown
5527,Unknown
5528,Unknown
5529,Unknown
5530,Unknown
5531,Unknown
5532,Unknown
5533,Unknown
5534,Unknown
5535,Unknown
5536,Unknown
5537,Unknown
5538,Unknown
5539,Unknown
5540,Unknown
5541,Unknown
5542,Unknown
5543,Unknown
5544,Unknown
5545,Unknown
5546,Unknown
5547,Unknown
5548,Unknown
5549,Unknown
5550,Unknown
5551,Unknown
5552,Unknown
5553,Unknown
5554,Unknown
5555,Unknown
5556,Unknown
5557,Unknown
5558,Unknown
5559,Unknown
5560,Unknown
5561,Unknown
5562,Unknown
5563,Unknown
5564,Unknown
5565,Unknown
5566,Unknown
5567,Unknown
5568,Unknown
5569,Unknown
5570,Unknown
5571,Unknown
5572,Unknown
5573,Unknown
5574,Unknown
5575,Unknown
5576,Unknown
5577,Unknown
5578,Unknown
5579,Unknown
5580,Unknown
5581,Unknown
5582,Unknown
5583,Unknown
5584,Unknown
5585,Unknown
5586,Unknown
5587,Unknown
5588,Unknown
5589,Unknown
5590,Unknown
5591,Unknown
5592,Unknown
5593,Unknown
5594,Unknown
5595,Unknown
5596,Unknown
5597,Unknown
5598,Unknown
5599,Unknown
5600,Unknown
5601,Unknown
5602,Unknown
5603,Unknown
5604,Unknown
5605,Unknown
5606,Unknown
5607,Unknown
5608,Unknown
5609,Unknown
5610,Unknown
5611,Unknown
5612,Unknown
5613,Unknown
5614,Unknown
5615,Unknown
5616,Unknown
5617,Unknown
5618,Unknown
5619,Unknown
5620,Unknown
5621,Unknown
5622,Unknown
5623,Unknown
5624,Unknown
5625,Unknown
5626,Unknown
5627,Unknown
5628,Unknown
5629,Unknown
5630,Unknown
5631,Unknown
5632,Unknown
5633,Unknown
5634,Unknown
5635,Unknown
5636,Unknown
5637,Unknown
5638,Unknown
5639,Unknown
5640,Unknown
5641,Unknown
5642,Unknown
5643,Unknown
5644,Unknown
5645,Unknown
5646,Unknown
5647,Unknown
5648,Unknown
5649,Unknown
5650,Unknown
5651,Unknown
5652,Unknown
5653,Unknown
5654,Unknown
5655,Unknown
5656,Unknown
5657,Unknown
5658,Unknown
5659,Unknown
5660,Unknown
5661,Unknown
5662,Unknown
5663,Unknown
5664,Unknown
5665,Unknown
5666,Unknown
5667,Unknown
5668,Unknown
5669,Unknown
5670,Unknown
5671,Unknown
5672,Unknown
5673,Unknown
5674,Unknown
5675,Unknown
5676,Unknown
5677,Unknown
5678,Unknown
5679,Unknown
5680,Unknown
5681,Unknown
5682,Unknown
5683,Unknown
5684,Unknown
5685,Unknown
5686,Unknown
5687,Unknown
5688,Unknown
5689,Unknown
5690,Unknown
5691,Unknown
5692,Unknown
5693,Unknown
5694,Unknown
5695,Unknown
5696,Unknown
5697,Unknown
5698,Unknown
5699,Unknown
5700,Unknown
5701,Unknown
5702,Unknown
5703,Unknown
5704,Unknown
5705,Unknown
5706,Unknown
5707,Unknown
5708,Unknown
5709,Unknown
5710,Unknown
5711,Unknown
5712,Unknown
5713,Unknown
5714,Unknown
5715,Unknown
5716,Unknown
5717,Unknown
5718,Unknown
5719,Unknown
5720,Unknown
5721,Unknown
5722,Unknown
5723,Unknown
5724,Unknown
5725,Unknown
5726,Unknown
5727,Unknown
5728,Unknown
5729,Unknown
5730,Unknown
5731,Unknown
5732,Unknown
5733,Unknown
5734,Unknown
5735,Unknown
5736,Unknown
5737,Unknown
5738,Unknown
5739,Unknown
5740,Unknown
5741,Unknown
5742,Unknown
5743,Unknown
5744,Unknown
5745,Unknown
5746,Unknown
5747,Unknown
5748,Unknown
5749,Unknown
5750,Unknown
5751,Unknown
5752,Unknown
5753,Unknown
5754,Unknown
5755,Unknown
5756,Unknown
5757,Unknown
5758,Unknown
5759,Unknown
5760,Unknown
5761,Unknown
5762,Unknown
5763,Unknown
5764,Unknown
5765,Unknown
5766,Unknown
5767,Unknown
5768,Unknown
5769,Unknown
5770,Unknown
5771,Unknown
5772,Unknown
5773,Unknown
5774,Unknown
5775,Unknown
5776,Unknown
5777,Unknown
5778,Unknown
5779,Unknown
5780,Unknown
5781,Unknown
5782,Unknown
5783,Unknown
5784,Unknown
5785,Unknown
5786,Unknown
5787,Unknown
5788,Unknown
5789,Unknown
5790,Unknown
5791,Unknown
5792,Unknown
5793,Unknown
5794,Unknown
5795,Unknown
5796,Unknown
5797,Unknown
5798,Unknown
5799,Unknown
5800,Unknown
5801,Unknown
5802,Unknown
5803,Unknown
5804,Unknown
5805,Unknown
5806,Unknown
5807,Unknown
5808,Unknown
5809,Unknown
5810,Unknown
5811,Unknown
5812,Unknown
5813,Unknown
5814,Unknown
5815,Unknown
5816,Unknown
5817,Unknown
5818,Unknown
5819,Unknown
5820,Unknown
5821,Unknown
5822,Unknown
5823,Unknown
5824,Unknown
5825,Unknown
5826,Unknown
5827,Unknown
5828,Unknown
5829,Unknown
5830,Unknown
5831,Unknown
5832,Unknown
5833,Unknown
5834,Unknown
5835,Unknown
5836,Unknown
5837,Unknown
5838,Unknown
5839,Unknown
5840,Unknown
5841,Unknown
5842,Unknown
5843,Unknown
5844,Unknown
5845,Unknown
5846,Unknown
5847,Unknown
5848,Unknown
5849,Unknown
5850,Unknown
5851,Unknown
5852,Unknown
5853,Unknown
5854,Unknown
5855,Unknown
5856,Unknown
5857,Unknown
5858,Unknown
5859,Unknown
5860,Unknown
5861,Unknown
5862,Unknown
5863,Unknown
5864,Unknown
5865,Unknown
5866,Unknown
5867,Unknown
5868,Unknown
5869,Unknown
5870,Unknown
5871,Unknown
5872,Unknown
5873,Unknown
5874,Unknown
5875,Unknown
5876,Unknown
5877,Unknown
5878,Unknown
5879,Unknown
5880,Unknown
5881,Unknown
5882,Unknown
5883,Unknown
5884,Unknown
5885,Unknown
5886,Unknown
5887,Unknown
5888,Unknown
5889,Unknown
5890,Unknown
5891,Unknown
5892,Unknown
5893,Unknown
5894,Unknown
5895,Unknown
5896,Unknown
5897,Unknown
5898,Unknown
5899,Unknown
5900,Unknown
5901,Unknown
5902,Unknown
5903,Unknown
5904,Unknown
5905,Unknown
5906,Unknown
5907,Unknown
5908,Unknown
5909,Unknown
5910,Unknown
5911,Unknown
5912,Unknown
5913,Unknown
5914,Unknown
5915,Unknown
5916,Unknown
5917,Unknown
5918,Unknown
5919,Unknown
5920,Unknown
5921,Unknown
5922,Unknown
5923,Unknown
5924,Unknown
5925,Unknown
5926,Unknown
5927,Unknown
5928,Unknown
5929,Unknown
5930,Unknown
5931,Unknown
5932,Unknown
5933,Unknown
5934,Unknown
5935,Unknown
5936,Unknown
5937,Unknown
5938,Unknown
5939,Unknown
5940,Unknown
5941,Unknown
5942,Unknown
5943,Unknown
5944,Unknown
5945,Unknown
5946,Unknown
5947,Unknown
5948,Unknown
5949,Unknown
5950,Unknown
5951,Unknown
5952,Unknown
5953,Unknown
5954,Unknown
5955,Unknown
5956,Unknown
5957,Unknown
5958,Unknown
5959,Unknown
5960,Unknown
5961,Unknown
5962,Unknown
5963,Unknown
5964,Unknown
5965,Unknown
5966,Unknown
5967,Unknown
5968,Unknown
5969,Unknown
5970,Unknown
5971,Unknown
5972,Unknown
5973,Unknown
5974,Unknown
5975,Unknown
5976,Unknown
5977,Unknown
5978,Unknown
5979,Unknown
5980,Unknown
5981,Unknown
5982,Unknown
5983,Unknown
5984,Unknown
5985,Unknown
5986,Unknown
5987,Unknown
5988,Unknown
5989,Unknown
5990,Unknown
5991,Unknown
5992,Unknown
5993,Unknown
5994,Unknown
5995,Unknown
5996,Unknown
5997,Unknown
5998,Unknown
5999,Unknown
6000,Unknown
6001,Unknown
6002,Unknown
6003,Unknown
6004,Unknown
6005,Unknown
6006,Unknown
6007,Unknown
6008,Unknown
6009,Unknown
6010,Unknown
6011,Unknown
6012,Unknown
6013,Unknown
6014,Unknown
6015,Unknown
6016,Unknown
6017,Unknown
6018,Unknown
6019,Unknown
6020,Unknown
6021,Unknown
6022,Unknown
6023,Unknown
6024,Unknown
6025,Unknown
6026,Unknown
6027,Unknown
6028,Unknown
6029,Unknown
6030,Unknown
6031,Unknown
6032,Unknown
6033,Unknown
6034,Unknown
6035,Unknown
6036,Unknown
6037,Unknown
6038,Unknown
6039,Unknown
6040,Unknown
6041,Unknown
6042,Unknown
6043,Unknown
6044,Unknown
6045,Unknown
6046,Unknown
6047,Unknown
6048,Unknown
6049,Unknown
6050,Unknown
6051,Unknown
6052,Unknown
6053,Unknown
6054,Unknown
6055,Unknown
6056,Unknown
6057,Unknown
6058,Unknown
6059,Unknown
6060,Unknown
6061,Unknown
6062,Unknown
6063,Unknown
6064,Unknown
6065,Unknown
6066,Unknown
6067,Unknown
6068,Unknown
6069,Unknown
6070,Unknown
6071,Unknown
6072,Unknown
6073,Unknown
6074,Unknown
6075,Unknown
6076,Unknown
6077,Unknown
6078,Unknown
6079,Unknown
6080,Unknown
6081,Unknown
6082,Unknown
6083,Unknown
6084,Unknown
6085,Unknown
6086,Unknown
6087,Unknown
6088,Unknown
6089,Unknown
6090,Unknown
6091,Unknown
6092,Unknown
6093,Unknown
6094,Unknown
6095,Unknown
6096,Unknown
6097,Unknown
6098,Unknown
6099,Unknown
6100,Unknown
6101,Unknown
6102,Unknown
6103,Unknown
6104,Unknown
6105,Unknown
6106,Unknown
6107,Unknown
6108,Unknown
6109,Unknown
6110,Unknown
6111,Unknown
6112,Unknown
6113,Unknown
6114,Unknown
6115,Unknown
6116,Unknown
6117,Unknown
6118,Unknown
6119,Unknown
6120,Unknown
6121,Unknown
6122,Unknown
6123,Unknown
6124,Unknown
6125,Unknown
6126,Unknown
6127,Unknown
6128,Unknown
6129,Unknown
6130,Unknown
6131,Unknown
6132,Unknown
6133,Unknown
6134,Unknown
6135,Unknown
6136,Unknown
6137,Unknown
6138,Unknown
6139,Unknown
6140,Unknown
6141,Unknown
6142,Unknown
6143,Unknown
6144,Unknown
6145,Unknown
6146,Unknown
6147,Unknown
6148,Unknown
6149,Unknown
6150,Unknown
6151,Unknown
6152,Unknown
6153,Unknown
6154,Unknown
6155,Unknown
6156,Unknown
6157,Unknown
6158,Unknown
6159,Unknown
6160,Unknown
6161,Unknown
6162,Unknown
6163,Unknown
6164,Unknown
6165,Unknown
6166,Unknown
6167,Unknown
6168,Unknown
6169,Unknown
6170,Unknown
6171,Unknown
6172,Unknown
6173,Unknown
6174,Unknown
6175,Unknown
6176,Unknown
6177,Unknown
6178,Unknown
6179,Unknown
6180,Unknown
6181,Unknown
6182,Unknown
6183,Unknown
6184,Unknown
6185,Unknown
6186,Unknown
6187,Unknown
6188,Unknown
6189,Unknown
6190,Unknown
6191,Unknown
6192,Unknown
6193,Unknown
6194,Unknown
6195,Unknown
6196,Unknown
6197,Unknown
6198,Unknown
6199,Unknown
6200,Unknown
6201,Unknown
6202,Unknown
6203,Unknown
6204,Unknown
6205,Unknown
6206,Unknown
6207,Unknown
6208,Unknown
6209,Unknown
6210,Unknown
6211,Unknown
6212,Unknown
6213,Unknown
6214,Unknown
6215,Unknown
6216,Unknown
6217,Unknown
6218,Unknown
6219,Unknown
6220,Unknown
6221,Unknown
6222,Unknown
6223,Unknown
6224,Unknown
6225,Unknown
6226,Unknown
6227,Unknown
6228,Unknown
6229,Unknown
6230,Unknown
6231,Unknown
6232,Unknown
6233,Unknown
6234,Unknown
6235,Unknown
6236,Unknown
6237,Unknown
6238,Unknown
6239,Unknown
6240,Unknown
6241,Unknown
6242,Unknown
6243,Unknown
6244,Unknown
6245,Unknown
6246,Unknown
6247,Unknown
6248,Unknown
6249,Unknown
6250,Unknown
6251,Unknown
6252,Unknown
6253,Unknown
6254,Unknown
6255,Unknown
6256,Unknown
6257,Unknown
6258,Unknown
6259,Unknown
6260,Unknown
6261,Unknown
6262,Unknown
6263,Unknown
6264,Unknown
6265,Unknown
6266,Unknown
6267,Unknown
6268,Unknown
6269,Unknown
6270,Unknown
6271,Unknown
6272,Unknown
6273,Unknown
6274,Unknown
6275,Unknown
6276,Unknown
6277,Unknown
6278,Unknown
6279,Unknown
6280,Unknown
6281,Unknown
6282,Unknown
6283,Unknown
6284,Unknown
6285,Unknown
6286,Unknown
6287,Unknown
6288,Unknown
6289,Unknown
6290,Unknown
6291,Unknown
6292,Unknown
6293,Unknown
6294,Unknown
6295,Unknown
6296,Unknown
6297,Unknown
6298,Unknown
6299,Unknown
6300,Unknown
6301,Unknown
6302,Unknown
6303,Unknown
6304,Unknown
6305,Unknown
6306,Unknown
6307,Unknown
6308,Unknown
6309,Unknown
6310,Unknown
6311,Unknown
6312,Unknown
6313,Unknown
6314,Unknown
6315,Unknown
6316,Unknown
6317,Unknown
6318,Unknown
6319,Unknown
6320,Unknown
6321,Unknown
6322,Unknown
6323,Unknown
6324,Unknown
6325,Exhaust
6326,Exhaust
6327,Exhaust
6328,Exhaust
6329,Exhaust
6330,Exhaust
6331,Exhaust
6332,Exhaust
6333,Exhaust
6334,Exhaust
6335,Exhaust
6336,Exhaust
6337,Exhaust
6338,Exhaust
6339,Exhaust
6340,Exhaust
6341,Exhaust
6342,Exhaust
6343,Exhaust
6344,Exhaust
6345,Exhaust
6346,Exhaust
6347,Exhaust
6348,Exhaust
6349,Exhaust
6350,Unknown
6351,Unknown
6352,Unknown
6353,Unknown
6354,Unknown
6355,Unknown
6356,Unknown
6357,Unknown
6358,Unknown
6359,Unknown
6360,Unknown
6361,Unknown
6362,Unknown
6363,Unknown
6364,Unknown
6365,Unknown
6366,Unknown
6367,Unknown
6368,Unknown
6369,Unknown
6370,Unknown
6371,Unknown
6372,Unknown
6373,Unknown
6374,Unknown
6375,Unknown
6376,Unknown
6377,Unknown
6378,Unknown
6379,Unknown
6380,Unknown
6381,Unknown
6382,Unknown
6383,Unknown
6384,Unknown
6385,Unknown
6386,Unknown
6387,Unknown
6388,Unknown
6389,Unknown
6390,Unknown
6391,Unknown
6392,Unknown
6393,Unknown
6394,Unknown
6395,Unknown
6396,Unknown
6397,Unknown
6398,Unknown
6399,Unknown
6400,Unknown
6401,Unknown
6402,Unknown
6403,Unknown
6404,Unknown
6405,Unknown
6406,Unknown
6407,Unknown
6408,Unknown
6409,Unknown
6410,Unknown
6411,Unknown
6412,Unknown
6413,Unknown
6414,Unknown
6415,Unknown
6416,Unknown
6417,Unknown
6418,Unknown
6419,Unknown
6420,Unknown
6421,Unknown
6422,Unknown
6423,Unknown
6424,Unknown
6425,Unknown
6426,Unknown
6427,Unknown
6428,Unknown
6429,Unknown
6430,Unknown
6431,Unknown
6432,Unknown
6433,Unknown
6434,Unknown
6435,Unknown
6436,Unknown
6437,Unknown
6438,Unknown
6439,Unknown
6440,Unknown
6441,Unknown
6442,Unknown
6443,Unknown
6444,Unknown
6445,Unknown
6446,Unknown
6447,Unknown
6448,Unknown
6449,Unknown
6450,Unknown
6451,Unknown
6452,Unknown
6453,Unknown
6454,Unknown
6455,Unknown
6456,Unknown
6457,Unknown
6458,Unknown
6459,Unknown
6460,Unknown
6461,Unknown
6462,Unknown
6463,Unknown
6464,Unknown
6465,Unknown
6466,Unknown
6467,Unknown
6468,Unknown
6469,Unknown
6470,Unknown
6471,Unknown
6472,Unknown
6473,Unknown
6474,Unknown
6475,Unknown
6476,Unknown
6477,Unknown
6478,Unknown
6479,Unknown
6480,Unknown
6481,Unknown
6482,Unknown
6483,Unknown
6484,Unknown
6485,Unknown
6486,Unknown
6487,Unknown
6488,Unknown
6489,Unknown
6490,Unknown
6491,Unknown
6492,Unknown
6493,Unknown
6494,Unknown
6495,Unknown
6496,Unknown
6497,Unknown
6498,Unknown
6499,Unknown
6500,Unknown
6501,Unknown
6502,Unknown
6503,Unknown
6504,Unknown
6505,Unknown
6506,Unknown
6507,Unknown
6508,Unknown
6509,Unknown
6510,Unknown
6511,Unknown
6512,Unknown
6513,Unknown
6514,Unknown
6515,Unknown
6516,Unknown
6517,Unknown
6518,Unknown
6519,Unknown
6520,Unknown
6521,Unknown
6522,Unknown
6523,Unknown
6524,Unknown
6525,Unknown
6526,Unknown
6527,Unknown
6528,Unknown
6529,Unknown
6530,Unknown
6531,Unknown
6532,Unknown
6533,Unknown
6534,Unknown
6535,Unknown
6536,Unknown
6537,Unknown
6538,Unknown
6539,Unknown
6540,Unknown
6541,Unknown
6542,Unknown
6543,Unknown
6544,Unknown
6545,Unknown
6546,Unknown
6547,Unknown
6548,Unknown
6549,Unknown
6550,Unknown
6551,Unknown
6552,Unknown
6553,Unknown
6554,Unknown
6555,Unknown
6556,Unknown
6557,Unknown
6558,Unknown
6559,Unknown
6560,Unknown
6561,Unknown
6562,Unknown
6563,Unknown
6564,Unknown
6565,Unknown
6566,Unknown
6567,Unknown
6568,Unknown
6569,Unknown
6570,Unknown
6571,Unknown
6572,Unknown
6573,Unknown
6574,Unknown
6575,Unknown
6576,Unknown
6577,Unknown
6578,Unknown
6579,Unknown
6580,Unknown
6581,Unknown
6582,Unknown
6583,Unknown
6584,Unknown
6585,Unknown
6586,Unknown
6587,Unknown
6588,Unknown
6589,Unknown
6590,Unknown
6591,Unknown
6592,Unknown
6593,Unknown
6594,Unknown
6595,Unknown
6596,Unknown
6597,Unknown
6598,Unknown
6599,Unknown
6600,Unknown
6601,Unknown
6602,Unknown
6603,Unknown
6604,Unknown
6605,Unknown
6606,Unknown
6607,Unknown
6608,Unknown
6609,Unknown
6610,Unknown
6611,Unknown
6612,Unknown
6613,Unknown
6614,Unknown
6615,Unknown
6616,Unknown
6617,Unknown
6618,Unknown
6619,Unknown
6620,Unknown
6621,Unknown
6622,Unknown
6623,Unknown
6624,Unknown
6625,Unknown
6626,Unknown
6627,Unknown
6628,Unknown
6629,Unknown
6630,Unknown
6631,Unknown
6632,Unknown
6633,Unknown
6634,Unknown
6635,Unknown
6636,Unknown
6637,Unknown
6638,Unknown
6639,Unknown
6640,Unknown
6641,Unknown
6642,Unknown
6643,Unknown
6644,Unknown
6645,Unknown
6646,Unknown
6647,Unknown
6648,Unknown
6649,Unknown
6650,Unknown
6651,Unknown
6652,Unknown
6653,Unknown
6654,Unknown
6655,Unknown
6656,Unknown
6657,Unknown
6658,Unknown
6659,Unknown
6660,Unknown
6661,Unknown
6662,Unknown
6663,Unknown
6664,Unknown
6665,Unknown
6666,Unknown
6667,Unknown
6668,Unknown
6669,Unknown
6670,Unknown
6671,Unknown
6672,Unknown
6673,Unknown
6674,Unknown
6675,Unknown
6676,Unknown
6677,Unknown
6678,Unknown
6679,Unknown
6680,Unknown
6681,Unknown
6682,Unknown
6683,Unknown
6684,Unknown
6685,Unknown
6686,Unknown
6687,Unknown
6688,Unknown
6689,Unknown
6690,Unknown
6691,Unknown
6692,Unknown
6693,Unknown
6694,Unknown
6695,Unknown
6696,Unknown
6697,Unknown
6698,Unknown
6699,Unknown
6700,Unknown
6701,Unknown
6702,Unknown
6703,Unknown
6704,Unknown
6705,Unknown
6706,Unknown
6707,Unknown
6708,Unknown
6709,Unknown
6710,Unknown
6711,Unknown
6712,Unknown
6713,Unknown
6714,Unknown
6715,Unknown
6716,Unknown
6717,Unknown
6718,Unknown
6719,Unknown
6720,Unknown
6721,Unknown
6722,Unknown
6723,Unknown
6724,Unknown
6725,Unknown
6726,Unknown
6727,Unknown
6728,Unknown
6729,Unknown
6730,Unknown
6731,Unknown
6732,Unknown
6733,Unknown
6734,Unknown
6735,Unknown
6736,Unknown
6737,Unknown
6738,Unknown
6739,Unknown
6740,Unknown
6741,Unknown
6742,Unknown
6743,Unknown
6744,Unknown
6745,Unknown
6746,Unknown
6747,Unknown
6748,Unknown
6749,Unknown
6750,Unknown
6751,Unknown
6752,Unknown
6753,Unknown
6754,Unknown
6755,Unknown
6756,Unknown
6757,Unknown
6758,Unknown
6759,Unknown
6760,Unknown
6761,Unknown
6762,Unknown
6763,Unknown
6764,Unknown
6765,Unknown
6766,Unknown
6767,Unknown
6768,Unknown
6769,Unknown
6770,Unknown
6771,Unknown
6772,Unknown
6773,Unknown
6774,Unknown
6775,Unknown
6776,Unknown
6777,Unknown
6778,Unknown
6779,Unknown
6780,Unknown
6781,Unknown
6782,Unknown
6783,Unknown
6784,Unknown
6785,Unknown
6786,Unknown
6787,Unknown
6788,Unknown
6789,Unknown
6790,Unknown
6791,Unknown
6792,Unknown
6793,Unknown
6794,Unknown
6795,Unknown
6796,Unknown
6797,Unknown
6798,Unknown
6799,Unknown
6800,Unknown
6801,Unknown
6802,Unknown
6803,Unknown
6804,Unknown
6805,Unknown
6806,Unknown
6807,Unknown
6808,Unknown
6809,Unknown
6810,Unknown
6811,Unknown
6812,Unknown
6813,Unknown
6814,Unknown
6815,Unknown
6816,Unknown
6817,Unknown
6818,Unknown
6819,Unknown
6820,Unknown
6821,Unknown
6822,Unknown
6823,Unknown
6824,Unknown
6825,Unknown
6826,Unknown
6827,Unknown
6828,Unknown
6829,Unknown
6830,Unknown
6831,Unknown
6832,Unknown
6833,Unknown
6834,Unknown
6835,Unknown
6836,Unknown
6837,Unknown
6838,Unknown
6839,Unknown
6840,Unknown
6841,Unknown
6842,Unknown
6843,Unknown
6844,Unknown
6845,Unknown
6846,Unknown
6847,Unknown
6848,Unknown
6849,Unknown
6850,Unknown
6851,Unknown
6852,Unknown
6853,Unknown
6854,Unknown
6855,Unknown
6856,Unknown
6857,Unknown
6858,Unknown
6859,Unknown
6860,Unknown
6861,Unknown
6862,Unknown
6863,Unknown
6864,Unknown
6865,Unknown
6866,Unknown
6867,Unknown
6868,Unknown
6869,Unknown
6870,Unknown
6871,Unknown
6872,Unknown
6873,Unknown
6874,Unknown
6875,Unknown
6876,Unknown
6877,Unknown
6878,Unknown
6879,Unknown
6880,Unknown
6881,Unknown
6882,Unknown
6883,Unknown
6884,Unknown
6885,Unknown
6886,Unknown
6887,Unknown
6888,Unknown
6889,Unknown
6890,Unknown
6891,Unknown
6892,Unknown
6893,Unknown
6894,Unknown
6895,Unknown
6896,Unknown
6897,Unknown
6898,Unknown
6899,Unknown
6900,Unknown
6901,Unknown
6902,Unknown
6903,Unknown
6904,Unknown
6905,Unknown
6906,Unknown
6907,Unknown
6908,Unknown
6909,Unknown
6910,Unknown
6911,Unknown
6912,Unknown
6913,Unknown
6914,Unknown
6915,Unknown
6916,Unknown
6917,Unknown
6918,Unknown
6919,Unknown
6920,Unknown
6921,Unknown
6922,Unknown
6923,Unknown
6924,Unknown
6925,Unknown
6926,Unknown
6927,Unknown
6928,Unknown
6929,Unknown
6930,Unknown
6931,Unknown
6932,Unknown
6933,Unknown
6934,Unknown
6935,Unknown
6936,Unknown
6937,Unknown
6938,Unknown
6939,Unknown
6940,Unknown
6941,Unknown
6942,Unknown
6943,Unknown
6944,Unknown
6945,Unknown
6946,Unknown
6947,Unknown
6948,Unknown
6949,Unknown
6950,Unknown
6951,Unknown
6952,Unknown
6953,Unknown
6954,Unknown
6955,Unknown
6956,Unknown
6957,Unknown
6958,Unknown
6959,Unknown
6960,Unknown
6961,Unknown
6962,Unknown
6963,Unknown
6964,Unknown
6965,Unknown
6966,Unknown
6967,Unknown
6968,Unknown
6969,Unknown
6970,Unknown
6971,Unknown
6972,Unknown
6973,Unknown
6974,Unknown
6975,Unknown
6976,Unknown
6977,Unknown
6978,Unknown
6979,Unknown
6980,Unknown
6981,Unknown
6982,Unknown
6983,Unknown
6984,Unknown
6985,Unknown
6986,Unknown
6987,Unknown
6988,Unknown
6989,Unknown
6990,Unknown
6991,Unknown
6992,Unknown
6993,Unknown
6994,Unknown
6995,Unknown
6996,Unknown
6997,Unknown
6998,Unknown
6999,Unknown
7000,Unknown
7001,Unknown
7002,Unknown
7003,Unknown
7004,Unknown
7005,Unknown
7006,Unknown
7007,Unknown
7008,Unknown
7009,Unknown
7010,Unknown
7011,Unknown
7012,Unknown
7013,Unknown
7014,Unknown
7015,Unknown
7016,Unknown
7017,Unknown
7018,Unknown
7019,Unknown
7020,Unknown
7021,Unknown
7022,Unknown
7023,Unknown
7024,Unknown
7025,Unknown
7026,Unknown
7027,Unknown
7028,Unknown
7029,Unknown
7030,Unknown
7031,Unknown
7032,Unknown
7033,Unknown
7034,Unknown
7035,Unknown
7036,Unknown
7037,Unknown
7038,Unknown
7039,Unknown
7040,Unknown
7041,Unknown
7042,Unknown
7043,Unknown
7044,Unknown
7045,Unknown
7046,Unknown
7047,Unknown
7048,Unknown
7049,Unknown
7050,Unknown
7051,Unknown
7052,Unknown
7053,Unknown
7054,Unknown
7055,Unknown
7056,Unknown
7057,Unknown
7058,Unknown
7059,Unknown
7060,Unknown
7061,Unknown
7062,Unknown
7063,Unknown
7064,Unknown
7065,Unknown
7066,Unknown
7067,Unknown
7068,Unknown
7069,Unknown
7070,Unknown
7071,Unknown
7072,Unknown
7073,Unknown
7074,Unknown
7075,Unknown
7076,Unknown
7077,Unknown
7078,Unknown
7079,Unknown
7080,Unknown
7081,Unknown
7082,Unknown
7083,Unknown
7084,Unknown
7085,Unknown
7086,Unknown
7087,Unknown
7088,Unknown
7089,Unknown
7090,Unknown
7091,Unknown
7092,Unknown
7093,Unknown
7094,Unknown
7095,Unknown
7096,Unknown
7097,Unknown
7098,Unknown
7099,Unknown
7100,Unknown
7101,Unknown
7102,Unknown
7103,Unknown
7104,Unknown
7105,Unknown
7106,Unknown
7107,Unknown
7108,Unknown
7109,Unknown
7110,Unknown
7111,Unknown
7112,Unknown
7113,Unknown
7114,Unknown
7115,Unknown
7116,Unknown
7117,Unknown
7118,Unknown
7119,Unknown
7120,Unknown
7121,Unknown
7122,Unknown
7123,Unknown
7124,Unknown
7125,Unknown
7126,Unknown
7127,Unknown
7128,Unknown
7129,Unknown
7130,Unknown
7131,Unknown
7132,Unknown
7133,Unknown
7134,Unknown
7135,Unknown
7136,Unknown
7137,Unknown
7138,Unknown
7139,Unknown
7140,Unknown
7141,Unknown
7142,Unknown
7143,Unknown
7144,Unknown
7145,Unknown
7146,Unknown
7147,Unknown
7148,Unknown
7149,Unknown
7150,Unknown
7151,Unknown
7152,Unknown
7153,Unknown
7154,Unknown
7155,Unknown
7156,Unknown
7157,Unknown
7158,Unknown
7159,Unknown
7160,Unknown
7161,Unknown
7162,Unknown
7163,Unknown
7164,Unknown
7165,Unknown
7166,Unknown
7167,Unknown
7168,Unknown
7169,Unknown
7170,Unknown
7171,Unknown
7172,Unknown
7173,Unknown
7174,Unknown
7175,Unknown
7176,Unknown
7177,Unknown
7178,Unknown
7179,Unknown
7180,Unknown
7181,Unknown
7182,Unknown
7183,Unknown
7184,Unknown
7185,Unknown
7186,Unknown
7187,Unknown
7188,Unknown
7189,Unknown
7190,Unknown
7191,Unknown
7192,Unknown
7193,Unknown
7194,Unknown
7195,Unknown
7196,Unknown
7197,Unknown
7198,Unknown
7199,Unknown
7200,Unknown
7201,Unknown
7202,Unknown
7203,Unknown
7204,Unknown
7205,Unknown
7206,Unknown
7207,Unknown
7208,Unknown
7209,Unknown
7210,Unknown
7211,Unknown
7212,Unknown
7213,Unknown
7214,Unknown
7215,Unknown
7216,Unknown
7217,Unknown
7218,Unknown
7219,Unknown
7220,Unknown
7221,Unknown
7222,Unknown
7223,Unknown
7224,Unknown
7225,Unknown
7226,Unknown
7227,Unknown
7228,Unknown
7229,Unknown
7230,Unknown
7231,Unknown
7232,Unknown
7233,Unknown
7234,Unknown
7235,Unknown
7236,Unknown
7237,Unknown
7238,Unknown
7239,Unknown
7240,Unknown
7241,Unknown
7242,Unknown
7243,Unknown
7244,Unknown
7245,Unknown
7246,Unknown
7247,Unknown
7248,Unknown
7249,Unknown
7250,Unknown
7251,Unknown
7252,Unknown
7253,Unknown
7254,Unknown
7255,Unknown
7256,Unknown
7257,Unknown
7258,Unknown
7259,Unknown
7260,Unknown
7261,Unknown
7262,Unknown
7263,Unknown
7264,Unknown
7265,Unknown
7266,Unknown
7267,Unknown
7268,Unknown
7269,Unknown
7270,Unknown
7271,Unknown
7272,Unknown
7273,Unknown
7274,Unknown
7275,Unknown
7276,Unknown
7277,Unknown
7278,Unknown
7279,Unknown
7280,Unknown
7281,Unknown
7282,Unknown
7283,Unknown
7284,Unknown
7285,Unknown
7286,Unknown
7287,Unknown
7288,Unknown
7289,Unknown
7290,Unknown
7291,Unknown
7292,Unknown
7293,Unknown
7294,Unknown
7295,Unknown
7296,Unknown
7297,Unknown
7298,Unknown
7299,Unknown
7300,Unknown
7301,Unknown
7302,Unknown
7303,Unknown
7304,Unknown
7305,Unknown
7306,Unknown
7307,Unknown
7308,Unknown
7309,Unknown
7310,Unknown
7311,Unknown
7312,Unknown
7313,Unknown
7314,Unknown
7315,Unknown
7316,Unknown
7317,Unknown
7318,Unknown
7319,Unknown
7320,Unknown
7321,Unknown
7322,Unknown
7323,Unknown
7324,Unknown
7325,Unknown
7326,Unknown
7327,Unknown
7328,Unknown
7329,Unknown
7330,Unknown
7331,Unknown
7332,Unknown
7333,Unknown
7334,Unknown
7335,Unknown
7336,Unknown
7337,Unknown
7338,Unknown
7339,Unknown
7340,Unknown
7341,Unknown
7342,Unknown
7343,Unknown
7344,Unknown
7345,Unknown
7346,Unknown
7347,Unknown
7348,Unknown
7349,Unknown
7350,Unknown
7351,Unknown
7352,Unknown
7353,Unknown
7354,Unknown
7355,Unknown
7356,Unknown
7357,Unknown
7358,Unknown
7359,Unknown
7360,Unknown
7361,Unknown
7362,Unknown
7363,Unknown
7364,Unknown
7365,Unknown
7366,Unknown
7367,Unknown
7368,Unknown
7369,Unknown
7370,Unknown
7371,Unknown
7372,Unknown
7373,Unknown
7374,Unknown
7375,Unknown
7376,Unknown
7377,Unknown
7378,Unknown
7379,Unknown
7380,Unknown
7381,Unknown
7382,Unknown
7383,Unknown
7384,Unknown
7385,Unknown
7386,Unknown
7387,Unknown
7388,Unknown
7389,Unknown
7390,Unknown
7391,Unknown
7392,Unknown
7393,Unknown
7394,Unknown
7395,Unknown
7396,Unknown
7397,Unknown
7398,Unknown
7399,Unknown
7400,Unknown
7401,Unknown
7402,Unknown
7403,Unknown
7404,Unknown
7405,Unknown
7406,Unknown
7407,Unknown
7408,Unknown
7409,Unknown
7410,Unknown
7411,Unknown
7412,Unknown
7413,Unknown
7414,Unknown
7415,Unknown
7416,Unknown
7417,Unknown
7418,Unknown
7419,Unknown
7420,Unknown
7421,Unknown
7422,Unknown
7423,Unknown
7424,Unknown
7425,Unknown
7426,Unknown
7427,Unknown
7428,Unknown
7429,Unknown
7430,Unknown
7431,Unknown
7432,Unknown
7433,Unknown
7434,Unknown
7435,Unknown
7436,Unknown
7437,Unknown
7438,Unknown
7439,Unknown
7440,Unknown
7441,Unknown
7442,Unknown
7443,Unknown
7444,Unknown
7445,Unknown
7446,Unknown
7447,Unknown
7448,Unknown
7449,Unknown
7450,Unknown
7451,Unknown
7452,Unknown
7453,Unknown
7454,Unknown
7455,Unknown
7456,Unknown
7457,Unknown
7458,Unknown
7459,Unknown
7460,Unknown
7461,Unknown
7462,Unknown
7463,Unknown
7464,Unknown
7465,Unknown
7466,Unknown
7467,Unknown
7468,Unknown
7469,Unknown
7470,Unknown
7471,Unknown
7472,Unknown
7473,Unknown
7474,Unknown
7475,Unknown
7476,Unknown
7477,Unknown
7478,Unknown
7479,Unknown
7480,Unknown
7481,Unknown
7482,Unknown
7483,Unknown
7484,Unknown
7485,Unknown
7486,Unknown
7487,Unknown
7488,Unknown
7489,Unknown
7490,Unknown
7491,Unknown
7492,Unknown
7493,Unknown
7494,Unknown
7495,Unknown
7496,Unknown
7497,Unknown
7498,Unknown
7499,Unknown
7500,Unknown
7501,Unknown
7502,Unknown
7503,Unknown
7504,Unknown
7505,Unknown
7506,Unknown
7507,Unknown
7508,Unknown
7509,Unknown
7510,Unknown
7511,Unknown
7512,Unknown
7513,Unknown
7514,Unknown
7515,Unknown
7516,Unknown
7517,Unknown
7518,Unknown
7519,Unknown
7520,Unknown
7521,Unknown
7522,Unknown
7523,Unknown
7524,Unknown
7525,Unknown
7526,Unknown
7527,Unknown
7528,Unknown
7529,Unknown
7530,Unknown
7531,Unknown
7532,Unknown
7533,Unknown
7534,Unknown
7535,Unknown
7536,Unknown
7537,Unknown
7538,Unknown
7539,Unknown
7540,Unknown
7541,Unknown
7542,Unknown
7543,Unknown
7544,Unknown
7545,Unknown
7546,Unknown
7547,Unknown
7548,Unknown
7549,Unknown
7550,Unknown
7551,Unknown
7552,Unknown
7553,Unknown
7554,Unknown
7555,Unknown
7556,Unknown
7557,Unknown
7558,Unknown
7559,Unknown
7560,Unknown
7561,Unknown
7562,Unknown
7563,Unknown
7564,Unknown
7565,Unknown
7566,Unknown
7567,Unknown
7568,Unknown
7569,Steam
7570,Steam
7571,Exhaust
7572,Exhaust
7573,Exhaust
7574,Exhaust
7575,Exhaust
7576,Exhaust
7577,Exhaust
7578,Exhaust
7579,Exhaust
7580,Exhaust
7581,Exhaust
7582,Exhaust
7583,Exhaust
7584,Exhaust
7585,Exhaust
7586,Exhaust
7587,Exhaust
7588,Exhaust
7589,Exhaust
7590,Exhaust
7591,Exhaust
7592,Exhaust
7593,Exhaust
7594,Unknown
7595,Unknown
7596,Unknown
7597,Unknown
7598,Unknown
7599,Unknown
7600,Unknown
7601,Unknown
7602,Unknown
7603,Unknown
7604,Unknown
7605,Unknown
7606,Unknown
7607,Unknown
7608,Unknown
7609,Unknown
7610,Unknown
7611,Unknown
7612,Unknown
7613,Unknown
7614,Unknown
7615,Unknown
7616,Unknown
7617,Unknown
7618,Unknown
7619,Unknown
7620,Unknown
7621,Unknown
7622,Unknown
7623,Unknown
7624,Unknown
7625,Unknown
7626,Unknown
7627,Unknown
7628,Unknown
7629,Unknown
7630,Unknown
7631,Unknown
7632,Unknown
7633,Unknown
7634,Unknown
7635,Unknown
7636,Unknown
7637,Unknown
7638,Unknown
7639,Unknown
7640,Unknown
7641,Unknown
7642,Unknown
7643,Unknown
7644,Unknown
7645,Unknown
7646,Unknown
7647,Unknown
7648,Unknown
7649,Unknown
7650,Unknown
7651,Unknown
7652,Unknown
7653,Unknown
7654,Unknown
7655,Unknown
7656,Unknown
7657,Unknown
7658,Unknown
7659,Unknown
7660,Unknown
7661,Unknown
7662,Unknown
7663,Unknown
7664,Unknown
7665,Unknown
7666,Unknown
7667,Unknown
7668,Unknown
7669,Unknown
7670,Unknown
7671,Unknown
7672,Unknown
7673,Unknown
7674,Unknown
7675,Unknown
7676,Unknown
7677,Unknown
7678,Unknown
7679,Unknown
7680,Unknown
7681,Unknown
7682,Unknown
7683,Unknown
7684,Unknown
7685,Unknown
7686,Unknown
7687,Unknown
7688,Unknown
7689,Unknown
7690,Unknown
7691,Unknown
7692,Unknown
7693,Unknown
7694,Unknown
7695,Unknown
7696,Unknown
7697,Unknown
7698,Unknown
7699,Unknown
7700,Unknown
7701,Unknown
7702,Unknown
7703,Unknown
7704,Unknown
7705,Unknown
7706,Unknown
7707,Unknown
7708,Unknown
7709,Unknown
7710,Unknown
7711,Unknown
7712,Unknown
7713,Unknown
7714,Unknown
7715,Unknown
7716,Unknown
7717,Unknown
7718,Unknown
7719,Unknown
7720,Unknown
7721,Unknown
7722,Unknown
7723,Unknown
7724,Unknown
7725,Unknown
7726,Unknown
7727,Unknown
7728,Unknown
7729,Unknown
7730,Unknown
7731,Unknown
7732,Unknown
7733,Unknown
7734,Unknown
7735,Unknown
7736,Unknown
7737,Unknown
7738,Unknown
7739,Unknown
7740,Unknown
7741,Unknown
7742,Unknown
7743,Unknown
7744,Unknown
7745,Unknown
7746,Unknown
7747,Unknown
7748,Unknown
7749,Unknown
7750,Unknown
7751,Unknown
7752,Unknown
7753,Unknown
7754,Unknown
7755,Unknown
7756,Unknown
7757,Unknown
7758,Unknown
7759,Unknown
7760,Unknown
7761,Unknown
7762,Unknown
7763,Unknown
7764,Unknown
7765,Unknown
7766,Unknown
7767,Unknown
7768,Unknown
7769,Unknown
7770,Unknown
7771,Unknown
7772,Unknown
7773,Unknown
7774,Unknown
7775,Unknown
7776,Unknown
7777,Unknown
7778,Unknown
7779,Unknown
7780,Unknown
7781,Unknown
7782,Unknown
7783,Unknown
7784,Unknown
7785,Unknown
7786,Unknown
7787,Unknown
7788,Unknown
7789,Unknown
7790,Unknown
7791,Unknown
7792,Unknown
7793,Unknown
7794,Unknown
7795,Unknown
7796,Unknown
7797,Unknown
7798,Unknown
7799,Unknown
7800,Unknown
7801,Unknown
7802,Unknown
7803,Unknown
7804,Unknown
7805,Unknown
7806,Unknown
7807,Unknown
7808,Unknown
7809,Unknown
7810,Unknown
7811,Unknown
7812,Unknown
7813,Unknown
7814,Unknown
7815,Unknown
7816,Unknown
7817,Unknown
7818,Unknown
7819,Unknown
7820,Unknown
7821,Unknown
7822,Unknown
7823,Unknown
7824,Unknown
7825,Unknown
7826,Unknown
7827,Unknown
7828,Unknown
7829,Unknown
7830,Unknown
7831,Unknown
7832,Unknown
7833,Unknown
7834,Unknown
7835,Unknown
7836,Unknown
7837,Unknown
7838,Unknown
7839,Unknown
7840,Unknown
7841,Unknown
7842,Unknown
7843,Unknown
7844,Unknown
7845,Unknown
7846,Unknown
7847,Unknown
7848,Unknown
7849,Unknown
7850,Unknown
7851,Unknown
7852,Unknown
7853,Unknown
7854,Unknown
7855,Unknown
7856,Unknown
7857,Unknown
7858,Unknown
7859,Unknown
7860,Unknown
7861,Unknown
7862,Unknown
7863,Unknown
7864,Unknown
7865,Unknown
7866,Unknown
7867,Unknown
7868,Unknown
7869,Unknown
7870,Unknown
7871,Unknown
7872,Unknown
7873,Unknown
7874,Unknown
7875,Unknown
7876,Unknown
7877,Unknown
7878,Unknown
7879,Unknown
7880,Unknown
7881,Unknown
7882,Unknown
7883,Unknown
7884,Unknown
7885,Unknown
7886,Unknown
7887,Unknown
7888,Unknown
7889,Unknown
7890,Unknown
7891,Unknown
7892,Unknown
7893,Unknown
7894,Unknown
7895,Unknown
7896,Unknown
7897,Unknown
7898,Unknown
7899,Unknown
7900,Unknown
7901,Unknown
7902,Unknown
7903,Unknown
7904,Unknown
7905,Unknown
7906,Unknown
7907,Unknown
7908,Unknown
7909,Unknown
7910,Unknown
7911,Unknown
7912,Unknown
7913,Unknown
7914,Unknown
7915,Unknown
7916,Unknown
7917,Unknown
7918,Unknown
7919,Unknown
7920,Unknown
7921,Unknown
7922,Unknown
7923,Unknown
7924,Unknown
7925,Unknown
7926,Unknown
7927,Unknown
7928,Unknown
7929,Unknown
7930,Unknown
7931,Unknown
7932,Unknown
7933,Unknown
7934,Unknown
7935,Unknown
7936,Unknown
7937,Unknown
7938,Unknown
7939,Unknown
7940,Unknown
7941,Unknown
7942,Unknown
7943,Unknown
7944,Unknown
7945,Unknown
7946,Unknown
7947,Unknown
7948,Unknown
7949,Unknown
7950,Unknown
7951,Unknown
7952,Unknown
7953,Unknown
7954,Unknown
7955,Unknown
7956,Unknown
7957,Unknown
7958,Unknown
7959,Unknown
7960,Unknown
7961,Unknown
7962,Unknown
7963,Unknown
7964,Unknown
7965,Unknown
7966,Unknown
7967,Unknown
7968,Unknown
7969,Unknown
7970,Unknown
7971,Unknown
7972,Unknown
7973,Unknown
7974,Unknown
7975,Unknown
7976,Unknown
7977,Unknown
7978,Unknown
7979,Unknown
7980,Unknown
7981,Unknown
7982,Unknown
7983,Unknown
7984,Unknown
7985,Unknown
7986,Unknown
7987,Unknown
7988,Unknown
7989,Unknown
7990,Unknown
7991,Unknown
7992,Unknown
7993,Unknown
7994,Unknown
7995,Unknown
7996,Unknown
7997,Unknown
7998,Unknown
7999,Unknown
8000,Unknown
8001,Unknown
8002,Unknown
8003,Unknown
8004,Unknown
8005,Unknown
8006,Unknown
8007,Unknown
8008,Unknown
8009,Unknown
8010,Unknown
8011,Unknown
8012,Unknown
8013,Unknown
8014,Unknown
8015,Unknown
8016,Unknown
8017,Unknown
8018,Unknown
8019,Unknown
8020,Unknown
8021,Unknown
8022,Unknown
8023,Unknown
8024,Unknown
8025,Unknown
8026,Unknown
8027,Unknown
8028,Unknown
8029,Unknown
8030,Unknown
8031,Unknown
8032,Unknown
8033,Unknown
8034,Unknown
8035,Unknown
8036,Unknown
8037,Unknown
8038,Unknown
8039,Unknown
8040,Unknown
8041,Unknown
8042,Unknown
8043,Unknown
8044,Unknown
8045,Unknown
8046,Unknown
8047,Unknown
8048,Unknown
8049,Unknown
8050,Unknown
8051,Unknown
8052,Unknown
8053,Unknown
8054,Unknown
8055,Unknown
8056,Unknown
8057,Unknown
8058,Unknown
8059,Unknown
8060,Unknown
8061,Unknown
8062,Unknown
8063,Unknown
8064,Unknown
8065,Unknown
8066,Unknown
8067,Unknown
8068,Unknown
8069,Unknown
8070,Unknown
8071,Unknown
8072,Unknown
8073,Unknown
8074,Unknown
8075,Unknown
8076,Unknown
8077,Unknown
8078,Unknown
8079,Unknown
8080,Unknown
8081,Unknown
8082,Unknown
8083,Unknown
8084,Unknown
8085,Unknown
8086,Unknown
8087,Unknown
8088,Unknown
8089,Unknown
8090,Unknown
8091,Unknown
8092,Unknown
8093,Unknown
8094,Unknown
8095,Unknown
8096,Unknown
8097,Unknown
8098,Unknown
8099,Unknown
8100,Unknown
8101,Unknown
8102,Unknown
8103,Unknown
8104,Unknown
8105,Unknown
8106,Unknown
8107,Unknown
8108,Unknown
8109,Unknown
8110,Unknown
8111,Unknown
8112,Unknown
8113,Unknown
8114,Unknown
8115,Unknown
8116,Unknown
8117,Unknown
8118,Unknown
8119,Unknown
8120,Unknown
8121,Unknown
8122,Unknown
8123,Unknown
8124,Unknown
8125,Unknown
8126,Unknown
8127,Unknown
8128,Unknown
8129,Unknown
8130,Unknown
8131,Unknown
8132,Unknown
8133,Unknown
8134,Unknown
8135,Unknown
8136,Unknown
8137,Unknown
8138,Unknown
8139,Unknown
8140,Unknown
8141,Unknown
8142,Unknown
8143,Unknown
8144,Unknown
8145,Unknown
8146,Unknown
8147,Unknown
8148,Unknown
8149,Unknown
8150,Unknown
8151,Unknown
8152,Unknown
8153,Unknown
8154,Unknown
8155,Unknown
8156,Unknown
8157,Unknown
8158,Unknown
8159,Unknown
8160,Unknown
8161,Unknown
8162,Unknown
8163,Unknown
8164,Unknown
8165,Unknown
8166,Unknown
8167,Unknown
8168,Unknown
8169,Unknown
8170,Unknown
8171,Unknown
8172,Unknown
8173,Unknown
8174,Unknown
8175,Unknown
8176,Unknown
8177,Unknown
8178,Unknown
8179,Unknown
8180,Unknown
8181,Unknown
8182,Unknown
8183,Unknown
8184,Unknown
8185,Unknown
8186,Unknown
8187,Unknown
8188,Unknown
8189,Unknown
8190,Unknown
8191,Unknown
8192,Unknown
8193,Unknown
8194,Unknown
8195,Unknown
8196,Unknown
8197,Unknown
8198,Unknown
8199,Unknown
8200,Unknown
8201,Unknown
8202,Unknown
8203,Unknown
8204,Unknown
8205,Unknown
8206,Unknown
8207,Unknown
8208,Unknown
8209,Unknown
8210,Unknown
8211,Unknown
8212,Unknown
8213,Unknown
8214,Unknown
8215,Unknown
8216,Unknown
8217,Unknown
8218,Unknown
8219,Unknown
8220,Unknown
8221,Unknown
8222,Unknown
8223,Unknown
8224,Unknown
8225,Unknown
8226,Unknown
8227,Unknown
8228,Unknown
8229,Unknown
8230,Unknown
8231,Unknown
8232,Unknown
8233,Unknown
8234,Unknown
8235,Unknown
8236,Unknown
8237,Unknown
8238,Unknown
8239,Unknown
8240,Unknown
8241,Unknown
8242,Unknown
8243,Unknown
8244,Unknown
8245,Unknown
8246,Unknown
8247,Unknown
8248,Unknown
8249,Unknown
8250,Unknown
8251,Unknown
8252,Unknown
8253,Unknown
8254,Unknown
8255,Unknown
8256,Unknown
8257,Unknown
8258,Unknown
8259,Unknown
8260,Unknown
8261,Unknown
8262,Unknown
8263,Unknown
8264,Unknown
8265,Unknown
8266,Unknown
8267,Unknown
8268,Unknown
8269,Unknown
8270,Unknown
8271,Unknown
8272,Unknown
8273,Unknown
8274,Unknown
8275,Unknown
8276,Unknown
8277,Unknown
8278,Unknown
8279,Unknown
8280,Unknown
8281,Unknown
8282,Unknown
8283,Unknown
8284,Unknown
8285,Unknown
8286,Unknown
8287,Unknown
8288,Unknown
8289,Unknown
8290,Unknown
8291,Unknown
8292,Unknown
8293,Unknown
8294,Unknown
8295,Unknown
8296,Unknown
8297,Unknown
8298,Unknown
8299,Unknown
8300,Unknown
8301,Unknown
8302,Unknown
8303,Unknown
8304,Unknown
8305,Unknown
8306,Unknown
8307,Unknown
8308,Unknown
8309,Unknown
8310,Unknown
8311,Unknown
8312,Unknown
8313,Unknown
8314,Unknown
8315,Unknown
8316,Unknown
8317,Unknown
8318,Unknown
8319,Unknown
8320,Unknown
8321,Unknown
8322,Unknown
8323,Unknown
8324,Unknown
8325,Unknown
8326,Unknown
8327,Unknown
8328,Unknown
8329,Unknown
8330,Unknown
8331,Unknown
8332,Unknown
8333,Unknown
8334,Unknown
8335,Unknown
8336,Unknown
8337,Unknown
8338,Unknown
8339,Unknown
8340,Unknown
8341,Unknown
8342,Unknown
8343,Unknown
8344,Unknown
8345,Unknown
8346,Unknown
8347,Unknown
8348,Unknown
8349,Unknown
8350,Unknown
8351,Unknown
8352,Unknown
8353,Unknown
8354,Unknown
8355,Unknown
8356,Unknown
8357,Unknown
8358,Unknown
8359,Unknown
8360,Unknown
8361,Unknown
8362,Unknown
8363,Unknown
8364,Unknown
8365,Unknown
8366,Unknown
8367,Unknown
8368,Unknown
8369,Unknown
8370,Unknown
8371,Unknown
8372,Unknown
8373,Unknown
8374,Unknown
8375,Unknown
8376,Unknown
8377,Unknown
8378,Unknown
8379,Unknown
8380,Unknown
8381,Unknown
8382,Unknown
8383,Unknown
8384,Unknown
8385,Unknown
8386,Unknown
8387,Unknown
8388,Unknown
8389,Unknown
8390,Unknown
8391,Unknown
8392,Unknown
8393,Unknown
8394,Unknown
8395,Unknown
8396,Unknown
8397,Unknown
8398,Unknown
8399,Unknown
8400,Unknown
8401,Unknown
8402,Unknown
8403,Unknown
8404,Unknown
8405,Unknown
8406,Unknown
8407,Unknown
8408,Unknown
8409,Unknown
8410,Unknown
8411,Unknown
8412,Unknown
8413,Unknown
8414,Unknown
8415,Unknown
8416,Unknown
8417,Unknown
8418,Unknown
8419,Unknown
8420,Unknown
8421,Unknown
8422,Unknown
8423,Unknown
8424,Unknown
8425,Unknown
8426,Unknown
8427,Unknown
8428,Unknown
8429,Unknown
8430,Unknown
8431,Unknown
8432,Unknown
8433,Unknown
8434,Unknown
8435,Unknown
8436,Unknown
8437,Unknown
8438,Unknown
8439,Unknown
8440,Unknown
8441,Unknown
8442,Unknown
8443,Unknown
8444,Unknown
8445,Unknown
8446,Unknown
8447,Unknown
8448,Unknown
8449,Unknown
8450,Unknown
8451,Unknown
8452,Unknown
8453,Unknown
8454,Unknown
8455,Unknown
8456,Unknown
8457,Unknown
8458,Unknown
8459,Unknown
8460,Unknown
8461,Unknown
8462,Unknown
8463,Unknown
8464,Unknown
8465,Unknown
8466,Unknown
8467,Unknown
8468,Unknown
8469,Unknown
8470,Unknown
8471,Unknown
8472,Unknown
8473,Unknown
8474,Unknown
8475,Unknown
8476,Unknown
8477,Unknown
8478,Unknown
8479,Unknown
8480,Unknown
8481,Unknown
8482,Unknown
8483,Unknown
8484,Unknown
8485,Unknown
8486,Unknown
8487,Unknown
8488,Unknown
8489,Unknown
8490,Unknown
8491,Unknown
8492,Unknown
8493,Unknown
8494,Unknown
8495,Unknown
8496,Unknown
8497,Unknown
8498,Unknown
8499,Unknown
8500,Unknown
8501,Unknown
8502,Unknown
8503,Unknown
8504,Unknown
8505,Unknown
8506,Unknown
8507,Unknown
8508,Unknown
8509,Unknown
8510,Unknown
8511,Unknown
8512,Unknown
8513,Unknown
8514,Unknown
8515,Unknown
8516,Unknown
8517,Unknown
8518,Unknown
8519,Unknown
8520,Unknown
8521,Unknown
8522,Unknown
8523,Unknown
8524,Unknown
8525,Unknown
8526,Unknown
8527,Unknown
8528,Unknown
8529,Unknown
8530,Unknown
8531,Unknown
8532,Unknown
8533,Unknown
8534,Unknown
8535,Unknown
8536,Unknown
8537,Unknown
8538,Unknown
8539,Unknown
8540,Unknown
8541,Unknown
8542,Unknown
8543,Unknown
8544,Unknown
8545,Unknown
8546,Unknown
8547,Unknown
8548,Unknown
8549,Unknown
8550,Unknown
8551,Unknown
8552,Unknown
8553,Unknown
8554,Unknown
8555,Unknown
8556,Unknown
8557,Unknown
8558,Unknown
8559,Unknown
8560,Unknown
8561,Unknown
8562,Unknown
8563,Unknown
8564,Unknown
8565,Unknown
8566,Unknown
8567,Unknown
8568,Unknown
8569,Unknown
8570,Unknown
8571,Unknown
8572,Unknown
8573,Unknown
8574,Unknown
8575,Unknown
8576,Unknown
8577,Unknown
8578,Unknown
8579,Unknown
8580,Unknown
8581,Unknown
8582,Unknown
8583,Unknown
8584,Unknown
8585,Unknown
8586,Unknown
8587,Unknown
8588,Unknown
8589,Unknown
8590,Unknown
8591,Unknown
8592,Unknown
8593,Unknown
8594,Unknown
8595,Unknown
8596,Unknown
8597,Unknown
8598,Unknown
8599,Unknown
8600,Unknown
8601,Unknown
8602,Unknown
8603,Unknown
8604,Unknown
8605,Unknown
8606,Unknown
8607,Unknown
8608,Unknown
8609,Unknown
8610,Unknown
8611,Unknown
8612,Unknown
8613,Unknown
8614,Unknown
8615,Unknown
8616,Unknown
8617,Unknown
8618,Unknown
8619,Unknown
8620,Unknown
8621,Unknown
8622,Unknown
8623,Unknown
8624,Unknown
8625,Unknown
8626,Unknown
8627,Unknown
8628,Unknown
8629,Unknown
8630,Unknown
8631,Unknown
8632,Unknown
8633,Unknown
8634,Unknown
8635,Unknown
8636,Unknown
8637,Unknown
8638,Unknown
8639,Unknown
8640,Unknown
8641,Unknown
8642,Unknown
8643,Unknown
8644,Unknown
8645,Unknown
8646,Unknown
8647,Unknown
8648,Unknown
8649,Unknown
8650,Unknown
8651,Unknown
8652,Unknown
8653,Unknown
8654,Unknown
8655,Unknown
8656,Unknown
8657,Unknown
8658,Unknown
8659,Unknown
8660,Unknown
8661,Unknown
8662,Unknown
8663,Unknown
8664,Unknown
8665,Unknown
8666,Unknown
8667,Unknown
8668,Unknown
8669,Unknown
8670,Unknown
8671,Unknown
8672,Unknown
8673,Unknown
8674,Unknown
8675,Unknown
8676,Unknown
8677,Unknown
8678,Unknown
8679,Unknown
8680,Unknown
8681,Unknown
8682,Unknown
8683,Unknown
8684,Unknown
8685,Unknown
8686,Unknown
8687,Unknown
8688,Unknown
8689,Unknown
8690,Unknown
8691,Unknown
8692,Unknown
8693,Unknown
8694,Unknown
8695,Unknown
8696,Unknown
8697,Unknown
8698,Unknown
8699,Unknown
8700,Unknown
8701,Unknown
8702,Unknown
8703,Unknown
8704,Unknown
8705,Unknown
8706,Unknown
8707,Unknown
8708,Unknown
8709,Unknown
8710,Unknown
8711,Unknown
8712,Unknown
8713,Unknown
8714,Unknown
8715,Unknown
8716,Unknown
8717,Unknown
8718,Unknown
8719,Unknown
8720,Unknown
8721,Unknown
8722,Unknown
8723,Unknown
8724,Unknown
8725,Unknown
8726,Unknown
8727,Unknown
8728,Unknown
8729,Unknown
8730,Unknown
8731,Unknown
8732,Unknown
8733,Unknown
8734,Unknown
8735,Unknown
8736,Unknown
8737,Unknown
8738,Unknown
8739,Unknown
8740,Unknown
8741,Unknown
8742,Unknown
8743,Unknown
8744,Unknown
8745,Unknown
8746,Unknown
8747,Unknown
8748,Unknown
8749,Unknown
8750,Unknown
8751,Unknown
8752,Unknown
8753,Unknown
8754,Unknown
8755,Unknown
8756,Unknown
8757,Unknown
8758,Unknown
8759,Unknown
8760,Unknown
8761,Unknown
8762,Unknown
8763,Unknown
8764,Unknown
8765,Unknown
8766,Unknown
8767,Unknown
8768,Unknown
8769,Unknown
8770,Unknown
8771,Unknown
8772,Unknown
8773,Unknown
8774,Unknown
8775,Unknown
8776,Unknown
8777,Unknown
8778,Unknown
8779,Unknown
8780,Unknown
8781,Unknown
8782,Unknown
8783,Unknown
8784,Unknown
8785,Unknown
8786,Unknown
8787,Unknown
8788,Unknown
8789,Unknown
8790,Unknown
8791,Unknown
8792,Unknown
8793,Unknown
8794,Unknown
8795,Unknown
8796,Unknown
8797,Unknown
8798,Unknown
8799,Unknown
8800,Unknown
8801,Unknown
8802,Unknown
8803,Unknown
8804,Unknown
8805,Unknown
8806,Unknown
8807,Unknown
8808,Unknown
8809,Unknown
8810,Unknown
8811,Unknown
8812,Unknown
8813,Unknown
8814,Unknown
8815,Unknown
8816,Unknown
8817,Unknown
8818,Unknown
8819,Unknown
8820,Unknown
8821,Unknown
8822,Unknown
8823,Unknown
8824,Unknown
8825,Unknown
8826,Unknown
8827,Unknown
8828,Unknown
8829,Unknown
8830,Unknown
8831,Unknown
8832,Unknown
8833,Unknown
8834,Unknown
8835,Unknown
8836,Unknown
8837,Unknown
8838,Unknown
8839,Unknown
8840,Unknown
8841,Unknown
8842,Unknown
8843,Unknown
8844,Unknown
8845,Unknown
8846,Unknown
8847,Unknown
8848,Unknown
8849,Unknown
8850,Unknown
8851,Unknown
8852,Unknown
8853,Unknown
8854,Unknown
8855,Unknown
8856,Unknown
8857,Unknown
8858,Unknown
8859,Unknown
8860,Unknown
8861,Unknown
8862,Unknown
8863,Unknown
8864,Unknown
8865,Unknown
8866,Unknown
8867,Unknown
8868,Unknown
8869,Unknown
8870,Unknown
8871,Unknown
8872,Unknown
8873,Unknown
8874,Unknown
8875,Unknown
8876,Unknown
8877,Unknown
8878,Unknown
8879,Unknown
8880,Unknown
8881,Unknown
8882,Unknown
8883,Unknown
8884,Unknown
8885,Unknown
8886,Unknown
8887,Unknown
8888,Unknown
8889,Unknown
8890,Unknown
8891,Unknown
8892,Unknown
8893,Unknown
8894,Unknown
8895,Unknown
8896,Unknown
8897,Unknown
8898,Unknown
8899,Unknown
8900,Unknown
8901,Unknown
8902,Unknown
8903,Unknown
8904,Unknown
8905,Unknown
8906,Unknown
8907,Unknown
8908,Unknown
8909,Unknown
8910,Unknown
8911,Unknown
8912,Unknown
8913,Unknown
8914,Unknown
8915,Unknown
8916,Unknown
8917,Unknown
8918,Unknown
8919,Unknown
8920,Unknown
8921,Unknown
8922,Unknown
8923,Unknown
8924,Unknown
8925,Unknown
8926,Unknown
8927,Unknown
8928,Unknown
8929,Unknown
8930,Unknown
8931,Unknown
8932,Unknown
8933,Unknown
8934,Unknown
8935,Unknown
8936,Unknown
8937,Unknown
8938,Unknown
8939,Unknown
8940,Unknown
8941,Unknown
8942,Unknown
8943,Unknown
8944,Unknown
8945,Unknown
8946,Unknown
8947,Unknown
8948,Unknown
8949,Unknown
8950,Unknown
8951,Unknown
8952,Unknown
8953,Unknown
8954,Unknown
8955,Unknown
8956,Unknown
8957,Unknown
8958,Unknown
8959,Unknown
8960,Unknown
8961,Unknown
8962,Unknown
8963,Unknown
8964,Unknown
8965,Unknown
8966,Unknown
8967,Unknown
8968,Unknown
8969,Unknown
8970,Unknown
8971,Unknown
8972,Unknown
8973,Unknown
8974,Unknown
8975,Unknown
8976,Unknown
8977,Unknown
8978,Unknown
8979,Unknown
8980,Unknown
8981,Unknown
8982,Unknown
8983,Unknown
8984,Unknown
8985,Unknown
8986,Unknown
8987,Unknown
8988,Unknown
8989,Unknown
8990,Unknown
8991,Unknown
8992,Unknown
8993,Unknown
8994,Unknown
8995,Unknown
8996,Unknown
8997,Unknown
8998,Unknown
8999,Unknown
9000,Unknown
9001,Unknown
9002,Unknown
9003,Unknown
9004,Unknown
9005,Unknown
9006,Unknown
9007,Unknown
9008,Unknown
9009,Unknown
9010,Unknown
9011,Unknown
9012,Unknown
9013,Unknown
9014,Unknown
9015,Unknown
9016,Unknown
9017,Unknown
9018,Unknown
9019,Unknown
9020,Unknown
9021,Unknown
9022,Unknown
9023,Unknown
9024,Unknown
9025,Unknown
9026,Unknown
9027,Unknown
9028,Unknown
9029,Unknown
9030,Unknown
9031,Unknown
9032,Unknown
9033,Unknown
9034,Unknown
9035,Unknown
9036,Unknown
9037,Unknown
9038,Unknown
9039,Unknown
9040,Unknown
9041,Unknown
9042,Unknown
9043,Unknown
9044,Unknown
9045,Unknown
9046,Unknown
9047,Unknown
9048,Unknown
9049,Unknown
9050,Unknown
9051,Unknown
9052,Unknown
9053,Unknown
9054,Unknown
9055,Unknown
9056,Unknown
9057,Unknown
9058,Unknown
9059,Unknown
9060,Unknown
9061,Unknown
9062,Unknown
9063,Unknown
9064,Unknown
9065,Unknown
9066,Unknown
9067,Unknown
9068,Unknown
9069,Unknown
9070,Unknown
9071,Unknown
9072,Unknown
9073,Unknown
9074,Unknown
9075,Unknown
9076,Unknown
9077,Unknown
9078,Unknown
9079,Unknown
9080,Unknown
9081,Unknown
9082,Unknown
9083,Unknown
9084,Unknown
9085,Unknown
9086,Unknown
9087,Unknown
9088,Unknown
9089,Unknown
9090,Unknown
9091,Unknown
9092,Unknown
9093,Unknown
9094,Unknown
9095,Unknown
9096,Unknown
9097,Unknown
9098,Unknown
9099,Unknown
9100,Unknown
9101,Unknown
9102,Unknown
9103,Unknown
9104,Unknown
9105,Unknown
9106,Unknown
9107,Unknown
9108,Unknown
9109,Unknown
9110,Unknown
9111,Unknown
9112,Unknown
9113,Unknown
9114,Unknown
9115,Unknown
9116,Unknown
9117,Unknown
9118,Unknown
9119,Unknown
9120,Unknown
9121,Unknown
9122,Unknown
9123,Unknown
9124,Unknown
9125,Unknown
9126,Unknown
9127,Unknown
9128,Unknown
9129,Unknown
9130,Unknown
9131,Unknown
9132,Unknown
9133,Unknown
9134,Unknown
9135,Unknown
9136,Unknown
9137,Unknown
9138,Unknown
9139,Unknown
9140,Unknown
9141,Unknown
9142,Unknown
9143,Unknown
9144,Unknown
9145,Unknown
9146,Unknown
9147,Unknown
9148,Unknown
9149,Unknown
9150,Unknown
9151,Unknown
9152,Unknown
9153,Unknown
9154,Unknown
9155,Unknown
9156,Unknown
9157,Unknown
9158,Unknown
9159,Unknown
9160,Unknown
9161,Unknown
9162,Unknown
9163,Unknown
9164,Unknown
9165,Unknown
9166,Unknown
9167,Unknown
9168,Unknown
9169,Unknown
9170,Unknown
9171,Unknown
9172,Unknown
9173,Unknown
9174,Unknown
9175,Unknown
9176,Unknown
9177,Unknown
9178,Unknown
9179,Unknown
9180,Unknown
9181,Unknown
9182,Unknown
9183,Unknown
9184,Unknown
9185,Unknown
9186,Unknown
9187,Unknown
9188,Unknown
9189,Unknown
9190,Unknown
9191,Unknown
9192,Unknown
9193,Unknown
9194,Unknown
9195,Unknown
9196,Unknown
9197,Unknown
9198,Unknown
9199,Unknown
9200,Unknown
9201,Unknown
9202,Unknown
9203,Unknown
9204,Unknown
9205,Unknown
9206,Unknown
9207,Unknown
9208,Unknown
9209,Unknown
9210,Unknown
9211,Unknown
9212,Unknown
9213,Unknown
9214,Unknown
9215,Unknown
9216,Unknown
9217,Unknown
9218,Unknown
9219,Unknown
9220,Unknown
9221,Unknown
9222,Unknown
9223,Unknown
9224,Unknown
9225,Unknown
9226,Unknown
9227,Unknown
9228,Unknown
9229,Unknown
9230,Unknown
9231,Unknown
9232,Unknown
9233,Unknown
9234,Unknown
9235,Unknown
9236,Unknown
9237,Unknown
9238,Unknown
9239,Unknown
9240,Unknown
9241,Unknown
9242,Unknown
9243,Unknown
9244,Unknown
9245,Unknown
9246,Unknown
9247,Unknown
9248,Unknown
9249,Unknown
9250,Unknown
9251,Unknown
9252,Unknown
9253,Unknown
9254,Unknown
9255,Unknown
9256,Unknown
9257,Unknown
9258,Unknown
9259,Unknown
9260,Unknown
9261,Unknown
9262,Unknown
9263,Unknown
9264,Unknown
9265,Unknown
9266,Unknown
9267,Unknown
9268,Unknown
9269,Unknown
9270,Unknown
9271,Unknown
9272,Unknown
9273,Unknown
9274,Unknown
9275,Unknown
9276,Unknown
9277,Unknown
9278,Unknown
9279,Unknown
9280,Unknown
9281,Unknown
9282,Unknown
9283,Unknown
9284,Unknown
9285,Unknown
9286,Unknown
9287,Unknown
9288,Unknown
9289,Unknown
9290,Unknown
9291,Unknown
9292,Unknown
9293,Unknown
9294,Unknown
9295,Unknown
9296,Unknown
9297,Unknown
9298,Unknown
9299,Unknown
9300,Unknown
9301,Unknown
9302,Unknown
9303,Unknown
9304,Unknown
9305,Unknown
9306,Unknown
9307,Unknown
9308,Unknown
9309,Unknown
9310,Unknown
9311,Unknown
9312,Unknown
9313,Unknown
9314,Unknown
9315,Unknown
9316,Unknown
9317,Unknown
9318,Unknown
9319,Unknown
9320,Unknown
9321,Unknown
9322,Unknown
9323,Unknown
9324,Unknown
9325,Unknown
9326,Unknown
9327,Unknown
9328,Unknown
9329,Unknown
9330,Unknown
9331,Unknown
9332,Unknown
9333,Unknown
9334,Unknown
9335,Unknown
9336,Unknown
9337,Unknown
9338,Unknown
9339,Unknown
9340,Unknown
9341,Unknown
9342,Unknown
9343,Unknown
9344,Unknown
9345,Unknown
9346,Unknown
9347,Unknown
9348,Unknown
9349,Unknown
9350,Unknown
9351,Unknown
9352,Unknown
9353,Unknown
9354,Unknown
9355,Unknown
9356,Unknown
9357,Unknown
9358,Unknown
9359,Unknown
9360,Unknown
9361,Unknown
9362,Unknown
9363,Unknown
9364,Unknown
9365,Unknown
9366,Unknown
9367,Unknown
9368,Unknown
9369,Unknown
9370,Unknown
9371,Unknown
9372,Unknown
9373,Unknown
9374,Unknown
9375,Unknown
9376,Unknown
9377,Unknown
9378,Unknown
9379,Unknown
9380,Unknown
9381,Unknown
9382,Unknown
9383,Unknown
9384,Unknown
9385,Unknown
9386,Unknown
9387,Unknown
9388,Unknown
9389,Unknown
9390,Unknown
9391,Unknown
9392,Unknown
9393,Unknown
9394,Unknown
9395,Unknown
9396,Unknown
9397,Unknown
9398,Unknown
9399,Unknown
9400,Unknown
9401,Unknown
9402,Unknown
9403,Unknown
9404,Unknown
9405,Unknown
9406,Unknown
9407,Unknown
9408,Unknown
9409,Unknown
9410,Unknown
9411,Unknown
9412,Unknown
9413,Unknown
9414,Unknown
9415,Unknown
9416,Unknown
9417,Unknown
9418,Unknown
9419,Unknown
9420,Unknown
9421,Unknown
9422,Unknown
9423,Unknown
9424,Unknown
9425,Unknown
9426,Unknown
9427,Unknown
9428,Unknown
9429,Unknown
9430,Unknown
9431,Unknown
9432,Unknown
9433,Unknown
9434,Unknown
9435,Unknown
9436,Unknown
9437,Unknown
9438,Unknown
9439,Unknown
9440,Unknown
9441,Unknown
9442,Unknown
9443,Steam
9444,Steam
9445,Refrigerant
9446,Air
9447,Water
9448,Water
9449,Water
9450,Steam
9451,Oil
9452,Oil
9453,Oil
9454,Air
9455,Air
9456,Water
9457,Water
9458,Water
9459,Water
9460,Water
9461,Water
9462,Water
9463,Water
9464,Water
9465,Water
9466,Water
9467,Water
9468,Unknown
9469,Unknown
9470,Unknown
9471,Unknown
9472,Unknown
9473,Unknown
9474,Unknown
9475,Unknown
9476,Unknown
9477,Unknown
9478,Unknown
9479,Unknown
9480,Unknown
9481,Unknown
9482,Unknown
9483,Unknown
9484,Unknown
9485,Unknown
9486,Unknown
9487,Unknown
9488,Unknown
9489,Unknown
9490,Unknown
9491,Unknown
9492,Unknown
9493,Unknown
9494,Unknown
9495,Unknown
9496,Unknown
9497,Unknown
9498,Unknown
9499,Unknown
9500,Unknown
9501,Unknown
9502,Unknown
9503,Unknown
9504,Unknown
9505,Unknown
9506,Unknown
9507,Unknown
9508,Unknown
9509,Unknown
9510,Unknown
9511,Unknown
9512,Unknown
9513,Unknown
9514,Unknown
9515,Unknown
9516,Unknown
9517,Unknown
9518,Unknown
9519,Unknown
9520,Unknown
9521,Unknown
9522,Unknown
9523,Unknown
9524,Unknown
9525,Unknown
9526,Unknown
9527,Unknown
9528,Unknown
9529,Unknown
9530,Unknown
9531,Unknown
9532,Unknown
9533,Unknown
9534,Unknown
9535,Unknown
9536,Unknown
9537,Unknown
9538,Unknown
9539,Unknown
9540,Unknown
9541,Unknown
9542,Unknown
9543,Unknown
9544,Unknown
9545,Unknown
9546,Unknown
9547,Unknown
9548,Unknown
9549,Unknown
9550,Unknown
9551,Unknown
9552,Unknown
9553,Unknown
9554,Unknown
9555,Unknown
9556,Unknown
9557,Unknown
9558,Unknown
9559,Unknown
9560,Unknown
9561,Unknown
9562,Unknown
9563,Unknown
9564,Unknown
9565,Unknown
9566,Unknown
9567,Unknown
9568,Unknown
9569,Unknown
9570,Unknown
9571,Unknown
9572,Unknown
9573,Unknown
9574,Unknown
9575,Unknown
9576,Unknown
9577,Unknown
9578,Unknown
9579,Unknown
9580,Unknown
9581,Unknown
9582,Unknown
9583,Unknown
9584,Unknown
9585,Unknown
9586,Unknown
9587,Unknown
9588,Unknown
9589,Unknown
9590,Unknown
9591,Unknown
9592,Unknown
9593,Unknown
9594,Unknown
9595,Unknown
9596,Unknown
9597,Unknown
9598,Unknown
9599,Unknown
9600,Unknown
9601,Unknown
9602,Unknown
9603,Unknown
9604,Unknown
9605,Unknown
9606,Unknown
9607,Unknown
9608,Unknown
9609,Unknown
9610,Unknown
9611,Unknown
9612,Unknown
9613,Unknown
9614,Unknown
9615,Unknown
9616,Unknown
9617,Unknown
9618,Unknown
9619,Unknown
9620,Unknown
9621,Unknown
9622,Unknown
9623,Unknown
9624,Unknown
9625,Unknown
9626,Unknown
9627,Unknown
9628,Unknown
9629,Unknown
9630,Unknown
9631,Unknown
9632,Unknown
9633,Unknown
9634,Unknown
9635,Unknown
9636,Unknown
9637,Unknown
9638,Unknown
9639,Unknown
9640,Unknown
9641,Unknown
9642,Unknown
9643,Unknown
9644,Unknown
9645,Unknown
9646,Unknown
9647,Unknown
9648,Unknown
9649,Unknown
9650,Unknown
9651,Unknown
9652,Unknown
9653,Unknown
9654,Unknown
9655,Unknown
9656,Unknown
9657,Unknown
9658,Unknown
9659,Unknown
9660,Unknown
9661,Unknown
9662,Unknown
9663,Unknown
9664,Unknown
9665,Unknown
9666,Unknown
9667,Unknown
9668,Unknown
9669,Unknown
9670,Unknown
9671,Unknown
9672,Unknown
9673,Unknown
9674,Unknown
9675,Unknown
9676,Unknown
9677,Unknown
9678,Unknown
9679,Unknown
9680,Unknown
9681,Unknown
9682,Unknown
9683,Unknown
9684,Unknown
9685,Unknown
9686,Unknown
9687,Unknown
9688,Unknown
9689,Unknown
9690,Unknown
9691,Unknown
9692,Unknown
9693,Unknown
9694,Unknown
9695,Unknown
9696,Unknown
9697,Unknown
9698,Unknown
9699,Unknown
9700,Unknown
9701,Unknown
9702,Unknown
9703,Unknown
9704,Unknown
9705,Unknown
9706,Unknown
9707,Unknown
9708,Unknown
9709,Unknown
9710,Unknown
9711,Unknown
9712,Unknown
9713,Unknown
9714,Unknown
9715,Unknown
9716,Unknown
9717,Unknown
9718,Unknown
9719,Unknown
9720,Unknown
9721,Unknown
9722,Unknown
9723,Unknown
9724,Unknown
9725,Unknown
9726,Unknown
9727,Unknown
9728,Unknown
9729,Unknown
9730,Unknown
9731,Unknown
9732,Unknown
9733,Unknown
9734,Unknown
9735,Unknown
9736,Unknown
9737,Unknown
9738,Unknown
9739,Unknown
9740,Unknown
9741,Unknown
9742,Unknown
9743,Unknown
9744,Unknown
9745,Unknown
9746,Unknown
9747,Unknown
9748,Unknown
9749,Unknown
9750,Unknown
9751,Unknown
9752,Unknown
9753,Unknown
9754,Unknown
9755,Unknown
9756,Unknown
9757,Unknown
9758,Unknown
9759,Unknown
9760,Unknown
9761,Unknown
9762,Unknown
9763,Unknown
9764,Unknown
9765,Unknown
9766,Unknown
9767,Unknown
9768,Unknown
9769,Unknown
9770,Unknown
9771,Unknown
9772,Unknown
9773,Unknown
9774,Unknown
9775,Unknown
9776,Unknown
9777,Unknown
9778,Unknown
9779,Unknown
9780,Unknown
9781,Unknown
9782,Unknown
9783,Unknown
9784,Unknown
9785,Unknown
9786,Unknown
9787,Unknown
9788,Unknown
9789,Unknown
9790,Unknown
9791,Unknown
9792,Unknown
9793,Unknown
9794,Unknown
9795,Unknown
9796,Unknown
9797,Unknown
9798,Unknown
9799,Unknown
9800,Unknown
9801,Unknown
9802,Unknown
9803,Unknown
9804,Unknown
9805,Unknown
9806,Unknown
9807,Unknown
9808,Unknown
9809,Unknown
9810,Unknown
9811,Unknown
9812,Unknown
9813,Unknown
9814,Unknown
9815,Unknown
9816,Unknown
9817,Unknown
9818,Unknown
9819,Unknown
9820,Unknown
9821,Unknown
9822,Unknown
9823,Unknown
9824,Unknown
9825,Unknown
9826,Unknown
9827,Unknown
9828,Unknown
9829,Unknown
9830,Unknown
9831,Unknown
9832,Unknown
9833,Unknown
9834,Unknown
9835,Unknown
9836,Unknown
9837,Unknown
9838,Unknown
9839,Unknown
9840,Unknown
9841,Unknown
9842,Unknown
9843,Unknown
9844,Unknown
9845,Unknown
9846,Unknown
9847,Unknown
9848,Unknown
9849,Unknown
9850,Unknown
9851,Unknown
9852,Unknown
9853,Unknown
9854,Unknown
9855,Unknown
9856,Unknown
9857,Unknown
9858,Unknown
9859,Unknown
9860,Unknown
9861,Unknown
9862,Unknown
9863,Unknown
9864,Unknown
9865,Unknown
9866,Unknown
9867,Unknown
9868,Unknown
9869,Unknown
9870,Unknown
9871,Unknown
9872,Unknown
9873,Unknown
9874,Unknown
9875,Unknown
9876,Unknown
9877,Unknown
9878,Unknown
9879,Unknown
9880,Unknown
9881,Unknown
9882,Unknown
9883,Unknown
9884,Unknown
9885,Unknown
9886,Unknown
9887,Unknown
9888,Unknown
9889,Unknown
9890,Unknown
9891,Unknown
9892,Unknown
9893,Unknown
9894,Unknown
9895,Unknown
9896,Unknown
9897,Unknown
9898,Unknown
9899,Unknown
9900,Unknown
9901,Unknown
9902,Unknown
9903,Unknown
9904,Unknown
9905,Unknown
9906,Unknown
9907,Unknown
9908,Unknown
9909,Unknown
9910,Unknown
9911,Unknown
9912,Unknown
9913,Unknown
9914,Unknown
9915,Unknown
9916,Unknown
9917,Unknown
9918,Unknown
9919,Unknown
9920,Unknown
9921,Unknown
9922,Unknown
9923,Unknown
9924,Unknown
9925,Unknown
9926,Unknown
9927,Unknown
9928,Unknown
9929,Unknown
9930,Unknown
9931,Unknown
9932,Unknown
9933,Unknown
9934,Unknown
9935,Unknown
9936,Unknown
9937,Unknown
9938,Unknown
9939,Unknown
9940,Unknown
9941,Unknown
9942,Unknown
9943,Unknown
9944,Unknown
9945,Unknown
9946,Unknown
9947,Unknown
9948,Unknown
9949,Unknown
9950,Unknown
9951,Unknown
9952,Unknown
9953,Unknown
9954,Unknown
9955,Unknown
9956,Unknown
9957,Unknown
9958,Unknown
9959,Unknown
9960,Unknown
9961,Unknown
9962,Unknown
9963,Unknown
9964,Unknown
9965,Unknown
9966,Unknown
9967,Unknown
9968,Unknown
9969,Unknown
9970,Unknown
9971,Unknown
9972,Unknown
9973,Unknown
9974,Unknown
9975,Unknown
9976,Unknown
9977,Unknown
9978,Unknown
9979,Unknown
9980,Unknown
9981,Unknown
9982,Unknown
9983,Unknown
9984,Unknown
9985,Unknown
9986,Unknown
9987,Unknown
9988,Unknown
9989,Unknown
9990,Unknown
9991,Unknown
9992,Unknown
9993,Unknown
9994,Unknown
9995,Unknown
9996,Unknown
9997,Unknown
9998,Unknown
9999,Unknown
10000,Unknown
10001,Unknown
10002,Unknown
10003,Unknown
10004,Unknown
10005,Unknown
10006,Unknown
10007,Unknown
10008,Unknown
10009,Unknown
10010,Unknown
10011,Unknown
10012,Unknown
10013,Unknown
10014,Unknown
10015,Unknown
10016,Unknown
10017,Unknown
10018,Unknown
10019,Unknown
10020,Unknown
10021,Unknown
10022,Unknown
10023,Unknown
10024,Unknown
10025,Unknown
10026,Unknown
10027,Unknown
10028,Unknown
10029,Unknown
10030,Unknown
10031,Unknown
10032,Unknown
10033,Unknown
10034,Unknown
10035,Unknown
10036,Unknown
10037,Unknown
10038,Unknown
10039,Unknown
10040,Unknown
10041,Unknown
10042,Unknown
10043,Unknown
10044,Unknown
10045,Unknown
10046,Unknown
10047,Unknown
10048,Unknown
10049,Unknown
10050,Unknown
10051,Unknown
10052,Unknown
10053,Unknown
10054,Unknown
10055,Unknown
10056,Unknown
10057,Unknown
10058,Unknown
10059,Unknown
10060,Unknown
10061,Unknown
10062,Unknown
10063,Unknown
10064,Unknown
10065,Unknown
10066,Unknown
10067,Unknown
10068,Unknown
10069,Unknown
10070,Unknown
10071,Unknown
10072,Unknown
10073,Unknown
10074,Unknown
10075,Unknown
10076,Unknown
10077,Unknown
10078,Unknown
10079,Unknown
10080,Unknown
10081,Unknown
10082,Unknown
10083,Unknown
10084,Unknown
10085,Unknown
10086,Unknown
10087,Unknown
10088,Unknown
10089,Unknown
10090,Unknown
10091,Unknown
10092,Unknown
10093,Unknown
10094,Unknown
10095,Unknown
10096,Unknown
10097,Unknown
10098,Unknown
10099,Unknown
10100,Exhaust
10101,Exhaust
10102,Exhaust
10103,Exhaust
10104,Exhaust
10105,Exhaust
10106,Exhaust
10107,Exhaust
10108,Exhaust
10109,Exhaust
10110,Exhaust
10111,Exhaust
10112,Exhaust
10113,Exhaust
10114,Exhaust
10115,Exhaust
10116,Exhaust
10117,Exhaust
10118,Exhaust
10119,Exhaust
10120,Exhaust
10121,Exhaust
10122,Exhaust
10123,Exhaust
10124,Exhaust
10125,Unknown
10126,Unknown
10127,Unknown
10128,Unknown
10129,Unknown
10130,Unknown
10131,Unknown
10132,Unknown
10133,Unknown
10134,Unknown
10135,Unknown
10136,Unknown
10137,Unknown
10138,Unknown
10139,Unknown
10140,Unknown
10141,Unknown
10142,Unknown
10143,Unknown
10144,Unknown
10145,Unknown
10146,Unknown
10147,Unknown
10148,Unknown
10149,Unknown
10150,Unknown
10151,Unknown
10152,Unknown
10153,Unknown
10154,Unknown
10155,Unknown
10156,Unknown
10157,Unknown
10158,Unknown
10159,Unknown
10160,Unknown
10161,Unknown
10162,Unknown
10163,Unknown
10164,Unknown
10165,Unknown
10166,Unknown
10167,Unknown
10168,Unknown
10169,Unknown
10170,Unknown
10171,Unknown
10172,Unknown
10173,Unknown
10174,Unknown
10175,Unknown
10176,Unknown
10177,Unknown
10178,Unknown
10179,Unknown
10180,Unknown
10181,Unknown
10182,Unknown
10183,Unknown
10184,Unknown
10185,Unknown
10186,Unknown
10187,Unknown
10188,Unknown
10189,Unknown
10190,Unknown
10191,Unknown
10192,Unknown
10193,Unknown
10194,Unknown
10195,Unknown
10196,Unknown
10197,Unknown
10198,Unknown
10199,Unknown
10200,Unknown
10201,Unknown
10202,Unknown
10203,Unknown
10204,Unknown
10205,Unknown
10206,Unknown
10207,Unknown
10208,Unknown
10209,Unknown
10210,Unknown
10211,Unknown
10212,Unknown
10213,Unknown
10214,Unknown
10215,Unknown
10216,Unknown
10217,Unknown
10218,Unknown
10219,Unknown
10220,Unknown
10221,Unknown
10222,Unknown
10223,Unknown
10224,Unknown
10225,Unknown
10226,Unknown
10227,Unknown
10228,Unknown
10229,Unknown
10230,Unknown
10231,Unknown
10232,Unknown
10233,Unknown
10234,Unknown
10235,Unknown
10236,Unknown
10237,Unknown
10238,Unknown
10239,Unknown
10240,Unknown
10241,Unknown
10242,Unknown
10243,Unknown
10244,Unknown
10245,Unknown
10246,Unknown
10247,Unknown
10248,Unknown
10249,Unknown
10250,Unknown
10251,Unknown
10252,Unknown
10253,Unknown
10254,Unknown
10255,Unknown
10256,Unknown
10257,Unknown
10258,Unknown
10259,Unknown
10260,Unknown
10261,Unknown
10262,Unknown
10263,Unknown
10264,Unknown
10265,Unknown
10266,Unknown
10267,Unknown
10268,Unknown
10269,Unknown
10270,Unknown
10271,Unknown
10272,Unknown
10273,Unknown
10274,Unknown
10275,Unknown
10276,Unknown
10277,Unknown
10278,Unknown
10279,Unknown
10280,Unknown
10281,Unknown
10282,Unknown
10283,Unknown
10284,Unknown
10285,Unknown
10286,Unknown
10287,Unknown
10288,Unknown
10289,Unknown
10290,Unknown
10291,Unknown
10292,Unknown
10293,Unknown
10294,Unknown
10295,Unknown
10296,Unknown
10297,Unknown
10298,Unknown
10299,Unknown
10300,Unknown
10301,Unknown
10302,Unknown
10303,Unknown
10304,Unknown
10305,Unknown
10306,Unknown
10307,Unknown
10308,Unknown
10309,Unknown
10310,Unknown
10311,Unknown
10312,Unknown
10313,Unknown
10314,Unknown
10315,Unknown
10316,Unknown
10317,Unknown
10318,Unknown
10319,Unknown
10320,Unknown
10321,Unknown
10322,Unknown
10323,Unknown
10324,Unknown
10325,Unknown
10326,Unknown
10327,Unknown
10328,Unknown
10329,Unknown
10330,Unknown
10331,Unknown
10332,Unknown
10333,Unknown
10334,Unknown
10335,Unknown
10336,Unknown
10337,Unknown
10338,Unknown
10339,Unknown
10340,Unknown
10341,Unknown
10342,Unknown
10343,Unknown
10344,Unknown
10345,Unknown
10346,Unknown
10347,Unknown
10348,Unknown
10349,Unknown
10350,Unknown
10351,Unknown
10352,Unknown
10353,Unknown
10354,Unknown
10355,Unknown
10356,Unknown
10357,Unknown
10358,Unknown
10359,Unknown
10360,Unknown
10361,Unknown
10362,Unknown
10363,Unknown
10364,Unknown
10365,Unknown
10366,Unknown
10367,Unknown
10368,Unknown
10369,Unknown
10370,Unknown
10371,Unknown
10372,Unknown
10373,Unknown
10374,Unknown
10375,Unknown
10376,Unknown
10377,Unknown
10378,Unknown
10379,Unknown
10380,Unknown
10381,Unknown
10382,Unknown
10383,Unknown
10384,Unknown
10385,Unknown
10386,Unknown
10387,Unknown
10388,Unknown
10389,Unknown
10390,Unknown
10391,Unknown
10392,Unknown
10393,Unknown
10394,Unknown
10395,Unknown
10396,Unknown
10397,Unknown
10398,Unknown
10399,Unknown
10400,Unknown
10401,Unknown
10402,Unknown
10403,Unknown
10404,Unknown
10405,Unknown
10406,Unknown
10407,Unknown
10408,Unknown
10409,Unknown
10410,Unknown
10411,Unknown
10412,Unknown
10413,Unknown
10414,Unknown
10415,Unknown
10416,Unknown
10417,Unknown
10418,Unknown
10419,Unknown
10420,Unknown
10421,Unknown
10422,Unknown
10423,Unknown
10424,Unknown
10425,Unknown
10426,Unknown
10427,Unknown
10428,Unknown
10429,Unknown
10430,Unknown
10431,Unknown
10432,Unknown
10433,Unknown
10434,Unknown
10435,Unknown
10436,Unknown
10437,Unknown
10438,Unknown
10439,Unknown
10440,Unknown
10441,Unknown
10442,Unknown
10443,Unknown
10444,Unknown
10445,Unknown
10446,Unknown
10447,Unknown
10448,Unknown
10449,Unknown
10450,Unknown
10451,Unknown
10452,Unknown
10453,Unknown
10454,Unknown
10455,Unknown
10456,Unknown
10457,Unknown
10458,Unknown
10459,Unknown
10460,Unknown
10461,Unknown
10462,Unknown
10463,Unknown
10464,Unknown
10465,Unknown
10466,Unknown
10467,Unknown
10468,Unknown
10469,Unknown
10470,Unknown
10471,Unknown
10472,Unknown
10473,Unknown
10474,Unknown
10475,Unknown
10476,Unknown
10477,Unknown
10478,Unknown
10479,Unknown
10480,Unknown
10481,Unknown
10482,Unknown
10483,Unknown
10484,Unknown
10485,Unknown
10486,Unknown
10487,Unknown
10488,Unknown
10489,Unknown
10490,Unknown
10491,Unknown
10492,Unknown
10493,Unknown
10494,Unknown
10495,Unknown
10496,Unknown
10497,Unknown
10498,Unknown
10499,Unknown
10500,Unknown
10501,Unknown
10502,Unknown
10503,Unknown
10504,Unknown
10505,Unknown
10506,Unknown
10507,Unknown
10508,Unknown
10509,Unknown
10510,Unknown
10511,Unknown
10512,Unknown
10513,Unknown
10514,Unknown
10515,Unknown
10516,Unknown
10517,Unknown
10518,Unknown
10519,Unknown
10520,Unknown
10521,Unknown
10522,Unknown
10523,Unknown
10524,Unknown
10525,Unknown
10526,Unknown
10527,Unknown
10528,Unknown
10529,Unknown
10530,Unknown
10531,Unknown
10532,Unknown
10533,Unknown
10534,Unknown
10535,Unknown
10536,Unknown
10537,Unknown
10538,Unknown
10539,Unknown
10540,Unknown
10541,Unknown
10542,Unknown
10543,Unknown
10544,Unknown
10545,Unknown
10546,Unknown
10547,Unknown
10548,Unknown
10549,Unknown
10550,Unknown
10551,Unknown
10552,Unknown
10553,Unknown
10554,Unknown
10555,Unknown
10556,Unknown
10557,Unknown
10558,Unknown
10559,Unknown
10560,Unknown
10561,Unknown
10562,Unknown
10563,Unknown
10564,Unknown
10565,Unknown
10566,Unknown
10567,Unknown
10568,Unknown
10569,Unknown
10570,Unknown
10571,Unknown
10572,Unknown
10573,Unknown
10574,Unknown
10575,Unknown
10576,Unknown
10577,Unknown
10578,Unknown
10579,Unknown
10580,Unknown
10581,Unknown
10582,Unknown
10583,Unknown
10584,Unknown
10585,Unknown
10586,Unknown
10587,Unknown
10588,Unknown
10589,Unknown
10590,Unknown
10591,Unknown
10592,Unknown
10593,Unknown
10594,Unknown
10595,Unknown
10596,Unknown
10597,Unknown
10598,Unknown
10599,Unknown
10600,Unknown
10601,Unknown
10602,Unknown
10603,Unknown
10604,Unknown
10605,Unknown
10606,Unknown
10607,Unknown
10608,Unknown
10609,Unknown
10610,Unknown
10611,Unknown
10612,Unknown
10613,Unknown
10614,Unknown
10615,Unknown
10616,Unknown
10617,Unknown
10618,Unknown
10619,Unknown
10620,Unknown
10621,Unknown
10622,Unknown
10623,Unknown
10624,Unknown
10625,Unknown
10626,Unknown
10627,Unknown
10628,Unknown
10629,Unknown
10630,Unknown
10631,Unknown
10632,Unknown
10633,Unknown
10634,Unknown
10635,Unknown
10636,Unknown
10637,Unknown
10638,Unknown
10639,Unknown
10640,Unknown
10641,Unknown
10642,Unknown
10643,Unknown
10644,Unknown
10645,Unknown
10646,Unknown
10647,Unknown
10648,Unknown
10649,Unknown
10650,Unknown
10651,Unknown
10652,Unknown
10653,Unknown
10654,Unknown
10655,Unknown
10656,Unknown
10657,Unknown
10658,Unknown
10659,Unknown
10660,Unknown
10661,Unknown
10662,Unknown
10663,Unknown
10664,Unknown
10665,Unknown
10666,Unknown
10667,Unknown
10668,Unknown
10669,Unknown
10670,Unknown
10671,Unknown
10672,Unknown
10673,Unknown
10674,Unknown
10675,Unknown
10676,Unknown
10677,Unknown
10678,Unknown
10679,Unknown
10680,Unknown
10681,Unknown
10682,Unknown
10683,Unknown
10684,Unknown
10685,Unknown
10686,Unknown
10687,Unknown
10688,Unknown
10689,Unknown
10690,Unknown
10691,Unknown
10692,Unknown
10693,Unknown
10694,Unknown
10695,Unknown
10696,Unknown
10697,Unknown
10698,Unknown
10699,Unknown
10700,Unknown
10701,Unknown
10702,Unknown
10703,Unknown
10704,Unknown
10705,Unknown
10706,Unknown
10707,Unknown
10708,Unknown
10709,Unknown
10710,Unknown
10711,Unknown
10712,Unknown
10713,Unknown
10714,Unknown
10715,Unknown
10716,Unknown
10717,Unknown
10718,Unknown
10719,Unknown
10720,Unknown
10721,Unknown
10722,Unknown
10723,Unknown
10724,Unknown
10725,Unknown
10726,Unknown
10727,Unknown
10728,Unknown
10729,Unknown
10730,Unknown
10731,Unknown
10732,Unknown
10733,Unknown
10734,Unknown
10735,Unknown
10736,Unknown
10737,Unknown
10738,Unknown
10739,Unknown
10740,Unknown
10741,Unknown
10742,Unknown
10743,Unknown
10744,Unknown
10745,Unknown
10746,Unknown
10747,Unknown
10748,Unknown
10749,Unknown
10750,Unknown
10751,Unknown
10752,Unknown
10753,Unknown
10754,Unknown
10755,Unknown
10756,Unknown
10757,Unknown
10758,Unknown
10759,Unknown
10760,Unknown
10761,Unknown
10762,Unknown
10763,Unknown
10764,Unknown
10765,Unknown
10766,Unknown
10767,Unknown
10768,Unknown
10769,Unknown
10770,Unknown
10771,Unknown
10772,Unknown
10773,Unknown
10774,Unknown
10775,Unknown
10776,Unknown
10777,Unknown
10778,Unknown
10779,Unknown
10780,Unknown
10781,Unknown
10782,Unknown
10783,Unknown
10784,Unknown
10785,Unknown
10786,Unknown
10787,Unknown
10788,Unknown
10789,Unknown
10790,Unknown
10791,Unknown
10792,Unknown
10793,Unknown
10794,Unknown
10795,Unknown
10796,Unknown
10797,Unknown
10798,Unknown
10799,Unknown
10800,Unknown
10801,Unknown
10802,Unknown
10803,Unknown
10804,Unknown
10805,Unknown
10806,Unknown
10807,Unknown
10808,Unknown
10809,Unknown
10810,Unknown
10811,Unknown
10812,Unknown
10813,Unknown
10814,Unknown
10815,Unknown
10816,Unknown
10817,Unknown
10818,Unknown
10819,Unknown
10820,Unknown
10821,Unknown
10822,Unknown
10823,Unknown
10824,Unknown
10825,Unknown
10826,Unknown
10827,Unknown
10828,Unknown
10829,Unknown
10830,Unknown
10831,Unknown
10832,Unknown
10833,Unknown
10834,Unknown
10835,Unknown
10836,Unknown
10837,Unknown
10838,Unknown
10839,Unknown
10840,Unknown
10841,Unknown
10842,Unknown
10843,Unknown
10844,Unknown
10845,Unknown
10846,Unknown
10847,Unknown
10848,Unknown
10849,Unknown
10850,Unknown
10851,Unknown
10852,Unknown
10853,Unknown
10854,Unknown
10855,Unknown
10856,Unknown
10857,Unknown
10858,Unknown
10859,Unknown
10860,Unknown
10861,Unknown
10862,Unknown
10863,Unknown
10864,Unknown
10865,Unknown
10866,Unknown
10867,Unknown
10868,Unknown
10869,Unknown
10870,Unknown
10871,Unknown
10872,Unknown
10873,Unknown
10874,Unknown
10875,Unknown
10876,Unknown
10877,Unknown
10878,Unknown
10879,Unknown
10880,Unknown
10881,Unknown
10882,Unknown
10883,Unknown
10884,Unknown
10885,Unknown
10886,Unknown
10887,Unknown
10888,Unknown
10889,Unknown
10890,Unknown
10891,Unknown
10892,Unknown
10893,Unknown
10894,Unknown
10895,Unknown
10896,Unknown
10897,Unknown
10898,Unknown
10899,Unknown
10900,Unknown
10901,Unknown
10902,Unknown
10903,Unknown
10904,Unknown
10905,Unknown
10906,Unknown
10907,Unknown
10908,Unknown
10909,Unknown
10910,Unknown
10911,Unknown
10912,Unknown
10913,Unknown
10914,Unknown
10915,Unknown
10916,Unknown
10917,Unknown
10918,Unknown
10919,Unknown
10920,Unknown
10921,Unknown
10922,Unknown
10923,Unknown
10924,Unknown
10925,Unknown
10926,Unknown
10927,Unknown
10928,Unknown
10929,Unknown
10930,Unknown
10931,Unknown
10932,Unknown
10933,Unknown
10934,Unknown
10935,Unknown
10936,Unknown
10937,Unknown
10938,Unknown
10939,Unknown
10940,Unknown
10941,Unknown
10942,Unknown
10943,Unknown
10944,Unknown
10945,Unknown
10946,Unknown
10947,Unknown
10948,Unknown
10949,Unknown
10950,Unknown
10951,Unknown
10952,Unknown
10953,Unknown
10954,Unknown
10955,Unknown
10956,Unknown
10957,Unknown
10958,Unknown
10959,Unknown
10960,Unknown
10961,Unknown
10962,Unknown
10963,Unknown
10964,Unknown
10965,Unknown
10966,Unknown
10967,Unknown
10968,Unknown
10969,Unknown
10970,Unknown
10971,Unknown
10972,Unknown
10973,Unknown
10974,Unknown
10975,Unknown
10976,Unknown
10977,Unknown
10978,Unknown
10979,Unknown
10980,Unknown
10981,Unknown
10982,Unknown
10983,Unknown
10984,Unknown
10985,Unknown
10986,Unknown
10987,Unknown
10988,Unknown
10989,Unknown
10990,Unknown
10991,Unknown
10992,Unknown
10993,Unknown
10994,Unknown
10995,Unknown
10996,Unknown
10997,Unknown
10998,Unknown
10999,Unknown
11000,Unknown
11001,Unknown
11002,Unknown
11003,Unknown
11004,Unknown
11005,Unknown
11006,Unknown
11007,Unknown
11008,Unknown
11009,Unknown
11010,Unknown
11011,Unknown
11012,Unknown
11013,Unknown
11014,Unknown
11015,Unknown
11016,Unknown
11017,Unknown
11018,Unknown
11019,Unknown
11020,Unknown
11021,Unknown
11022,Unknown
11023,Unknown
11024,Unknown
11025,Unknown
11026,Unknown
11027,Unknown
11028,Unknown
11029,Unknown
11030,Unknown
11031,Unknown
11032,Unknown
11033,Unknown
11034,Unknown
11035,Unknown
11036,Unknown
11037,Unknown
11038,Unknown
11039,Unknown
11040,Unknown
11041,Unknown
11042,Unknown
11043,Unknown
11044,Unknown
11045,Unknown
11046,Unknown
11047,Unknown
11048,Unknown
11049,Unknown
11050,Unknown
11051,Unknown
11052,Unknown
11053,Unknown
11054,Unknown
11055,Unknown
11056,Unknown
11057,Unknown
11058,Unknown
11059,Unknown
11060,Unknown
11061,Unknown
11062,Unknown
11063,Unknown
11064,Unknown
11065,Unknown
11066,Unknown
11067,Unknown
11068,Unknown
11069,Unknown
11070,Unknown
11071,Unknown
11072,Unknown
11073,Unknown
11074,Unknown
11075,Unknown
11076,Unknown
11077,Unknown
11078,Unknown
11079,Unknown
11080,Unknown
11081,Unknown
11082,Unknown
11083,Unknown
11084,Unknown
11085,Unknown
11086,Unknown
11087,Unknown
11088,Unknown
11089,Unknown
11090,Unknown
11091,Unknown
11092,Unknown
11093,Unknown
11094,Unknown
11095,Unknown
11096,Unknown
11097,Unknown
11098,Unknown
11099,Unknown
11100,Unknown
11101,Unknown
11102,Unknown
11103,Unknown
11104,Unknown
11105,Unknown
11106,Unknown
11107,Unknown
11108,Unknown
11109,Unknown
11110,Unknown
11111,Unknown
11112,Unknown
11113,Unknown
11114,Unknown
11115,Unknown
11116,Unknown
11117,Unknown
11118,Unknown
11119,Unknown
11120,Unknown
11121,Unknown
11122,Unknown
11123,Unknown
11124,Unknown
11125,Unknown
11126,Unknown
11127,Unknown
11128,Unknown
11129,Unknown
11130,Unknown
11131,Unknown
11132,Unknown
11133,Unknown
11134,Unknown
11135,Unknown
11136,Unknown
11137,Unknown
11138,Unknown
11139,Unknown
11140,Unknown
11141,Unknown
11142,Unknown
11143,Unknown
11144,Unknown
11145,Unknown
11146,Unknown
11147,Unknown
11148,Unknown
11149,Unknown
11150,Unknown
11151,Unknown
11152,Unknown
11153,Unknown
11154,Unknown
11155,Unknown
11156,Unknown
11157,Unknown
11158,Unknown
11159,Unknown
11160,Unknown
11161,Unknown
11162,Unknown
11163,Unknown
11164,Unknown
11165,Unknown
11166,Unknown
11167,Unknown
11168,Unknown
11169,Unknown
11170,Unknown
11171,Unknown
11172,Unknown
11173,Unknown
11174,Unknown
11175,Unknown
11176,Unknown
11177,Unknown
11178,Unknown
11179,Unknown
11180,Unknown
11181,Unknown
11182,Unknown
11183,Unknown
11184,Unknown
11185,Unknown
11186,Unknown
11187,Unknown
11188,Unknown
11189,Unknown
11190,Unknown
11191,Unknown
11192,Unknown
11193,Unknown
11194,Unknown
11195,Unknown
11196,Unknown
11197,Unknown
11198,Unknown
11199,Unknown
11200,Unknown
11201,Unknown
11202,Unknown
11203,Unknown
11204,Unknown
11205,Unknown
11206,Unknown
11207,Unknown
11208,Unknown
11209,Unknown
11210,Unknown
11211,Unknown
11212,Unknown
11213,Unknown
11214,Unknown
11215,Unknown
11216,Unknown
11217,Unknown
11218,Unknown
11219,Unknown
11220,Unknown
11221,Unknown
11222,Unknown
11223,Unknown
11224,Unknown
11225,Unknown
11226,Unknown
11227,Unknown
11228,Unknown
11229,Unknown
11230,Unknown
11231,Unknown
11232,Unknown
11233,Unknown
11234,Unknown
11235,Unknown
11236,Unknown
11237,Unknown
11238,Unknown
11239,Unknown
11240,Unknown
11241,Unknown
11242,Unknown
11243,Unknown
11244,Unknown
11245,Unknown
11246,Unknown
11247,Unknown
11248,Unknown
11249,Unknown
11250,Unknown
11251,Unknown
11252,Unknown
11253,Unknown
11254,Unknown
11255,Unknown
11256,Unknown
11257,Unknown
11258,Unknown
11259,Unknown
11260,Unknown
11261,Unknown
11262,Unknown
11263,Unknown
11264,Unknown
11265,Unknown
11266,Unknown
11267,Unknown
11268,Unknown
11269,Unknown
11270,Unknown
11271,Unknown
11272,Unknown
11273,Unknown
11274,Unknown
11275,Unknown
11276,Unknown
11277,Unknown
11278,Unknown
11279,Unknown
11280,Unknown
11281,Unknown
11282,Unknown
11283,Unknown
11284,Unknown
11285,Unknown
11286,Unknown
11287,Unknown
11288,Unknown
11289,Unknown
11290,Unknown
11291,Unknown
11292,Unknown
11293,Unknown
11294,Unknown
11295,Unknown
11296,Unknown
11297,Unknown
11298,Unknown
11299,Unknown
11300,Unknown
11301,Unknown
11302,Unknown
11303,Unknown
11304,Unknown
11305,Unknown
11306,Unknown
11307,Unknown
11308,Unknown
11309,Unknown
11310,Unknown
11311,Unknown
11312,Unknown
11313,Unknown
11314,Unknown
11315,Unknown
11316,Unknown
11317,Unknown
11318,Unknown
11319,Unknown
11320,Unknown
11321,Unknown
11322,Unknown
11323,Unknown
11324,Unknown
11325,Unknown
11326,Unknown
11327,Unknown
11328,Unknown
11329,Unknown
11330,Unknown
11331,Unknown
11332,Unknown
11333,Unknown
11334,Unknown
11335,Unknown
11336,Unknown
11337,Unknown
11338,Unknown
11339,Unknown
11340,Unknown
11341,Unknown
11342,Unknown
11343,Unknown
11344,Unknown
11345,Unknown
11346,Unknown
11347,Unknown
11348,Unknown
11349,Unknown
11350,Unknown
11351,Unknown
11352,Unknown
11353,Unknown
11354,Unknown
11355,Unknown
11356,Unknown
11357,Unknown
11358,Unknown
11359,Unknown
11360,Unknown
11361,Unknown
11362,Unknown
11363,Unknown
11364,Unknown
11365,Unknown
11366,Unknown
11367,Unknown
11368,Unknown
11369,Unknown
11370,Unknown
11371,Unknown
11372,Unknown
11373,Unknown
11374,Unknown
11375,Unknown
11376,Unknown
11377,Unknown
11378,Unknown
11379,Unknown
11380,Unknown
11381,Unknown
11382,Unknown
11383,Unknown
11384,Unknown
11385,Unknown
11386,Unknown
11387,Unknown
11388,Unknown
11389,Unknown
11390,Unknown
11391,Unknown
11392,Unknown
11393,Unknown
11394,Unknown
11395,Unknown
11396,Unknown
11397,Unknown
11398,Unknown
11399,Unknown
11400,Unknown
11401,Unknown
11402,Unknown
11403,Unknown
11404,Unknown
11405,Unknown
11406,Unknown
11407,Unknown
11408,Unknown
11409,Unknown
11410,Unknown
11411,Unknown
11412,Unknown
11413,Unknown
11414,Unknown
11415,Unknown
11416,Unknown
11417,Unknown
11418,Unknown
11419,Unknown
11420,Unknown
11421,Unknown
11422,Unknown
11423,Unknown
11424,Unknown
11425,Unknown
11426,Unknown
11427,Unknown
11428,Unknown
11429,Unknown
11430,Unknown
11431,Unknown
11432,Unknown
11433,Unknown
11434,Unknown
11435,Unknown
11436,Unknown
11437,Unknown
11438,Unknown
11439,Unknown
11440,Unknown
11441,Unknown
11442,Unknown
11443,Unknown
11444,Unknown
11445,Unknown
11446,Unknown
11447,Unknown
11448,Unknown
11449,Unknown
11450,Unknown
11451,Unknown
11452,Unknown
11453,Unknown
11454,Unknown
11455,Unknown
11456,Unknown
11457,Unknown
11458,Unknown
11459,Unknown
11460,Unknown
11461,Unknown
11462,Unknown
11463,Unknown
11464,Unknown
11465,Unknown
11466,Unknown
11467,Unknown
11468,Unknown
11469,Unknown
11470,Unknown
11471,Unknown
11472,Unknown
11473,Unknown
11474,Unknown
11475,Unknown
11476,Unknown
11477,Unknown
11478,Unknown
11479,Unknown
11480,Unknown
11481,Unknown
11482,Unknown
11483,Unknown
11484,Unknown
11485,Unknown
11486,Unknown
11487,Unknown
11488,Unknown
11489,Unknown
11490,Unknown
11491,Unknown
11492,Unknown
11493,Unknown
11494,Unknown
11495,Unknown
11496,Unknown
11497,Unknown
11498,Unknown
11499,Unknown
11500,Unknown
11501,Unknown
11502,Unknown
11503,Unknown
11504,Unknown
11505,Unknown
11506,Unknown
11507,Unknown
11508,Unknown
11509,Unknown
11510,Unknown
11511,Unknown
11512,Unknown
11513,Unknown
11514,Unknown
11515,Unknown
11516,Unknown
11517,Unknown
11518,Unknown
11519,Unknown
11520,Unknown
11521,Unknown
11522,Unknown
11523,Unknown
11524,Unknown
11525,Unknown
11526,Unknown
11527,Unknown
11528,Unknown
11529,Unknown
11530,Unknown
11531,Unknown
11532,Unknown
11533,Unknown
11534,Unknown
11535,Unknown
11536,Unknown
11537,Unknown
11538,Unknown
11539,Unknown
11540,Unknown
11541,Unknown
11542,Unknown
11543,Unknown
11544,Unknown
11545,Unknown
11546,Unknown
11547,Unknown
11548,Unknown
11549,Unknown
11550,Unknown
11551,Unknown
11552,Unknown
11553,Unknown
11554,Unknown
11555,Unknown
11556,Unknown
11557,Unknown
11558,Unknown
11559,Unknown
11560,Unknown
11561,Unknown
11562,Unknown
11563,Unknown
11564,Unknown
11565,Unknown
11566,Unknown
11567,Unknown
11568,Unknown
11569,Unknown
11570,Unknown
11571,Unknown
11572,Unknown
11573,Unknown
11574,Unknown
11575,Unknown
11576,Unknown
11577,Unknown
11578,Unknown
11579,Unknown
11580,Unknown
11581,Unknown
11582,Unknown
11583,Unknown
11584,Unknown
11585,Unknown
11586,Unknown
11587,Unknown
11588,Unknown
11589,Unknown
11590,Unknown
11591,Unknown
11592,Unknown
11593,Unknown
11594,Unknown
11595,Unknown
11596,Unknown
11597,Unknown
11598,Unknown
11599,Unknown
11600,Unknown
11601,Unknown
11602,Unknown
11603,Unknown
11604,Unknown
11605,Unknown
11606,Unknown
11607,Unknown
11608,Unknown
11609,Unknown
11610,Unknown
11611,Unknown
11612,Unknown
11613,Unknown
11614,Unknown
11615,Unknown
11616,Unknown
11617,Unknown
11618,Unknown
11619,Unknown
11620,Unknown
11621,Unknown
11622,Unknown
11623,Unknown
11624,Unknown
11625,Unknown
11626,Unknown
11627,Unknown
11628,Unknown
11629,Unknown
11630,Unknown
11631,Unknown
11632,Unknown
11633,Unknown
11634,Unknown
11635,Unknown
11636,Unknown
11637,Unknown
11638,Unknown
11639,Unknown
11640,Unknown
11641,Unknown
11642,Unknown
11643,Unknown
11644,Unknown
11645,Unknown
11646,Unknown
11647,Unknown
11648,Unknown
11649,Unknown
11650,Unknown
11651,Unknown
11652,Unknown
11653,Unknown
11654,Unknown
11655,Unknown
11656,Unknown
11657,Unknown
11658,Unknown
11659,Unknown
11660,Unknown
11661,Unknown
11662,Unknown
11663,Unknown
11664,Unknown
11665,Unknown
11666,Unknown
11667,Unknown
11668,Unknown
11669,Unknown
11670,Unknown
11671,Unknown
11672,Unknown
11673,Unknown
11674,Unknown
11675,Unknown
11676,Unknown
11677,Unknown
11678,Unknown
11679,Unknown
11680,Unknown
11681,Unknown
11682,Unknown
11683,Unknown
11684,Unknown
11685,Unknown
11686,Unknown
11687,Unknown
11688,Unknown
11689,Unknown
11690,Unknown
11691,Unknown
11692,Unknown
11693,Unknown
11694,Unknown
11695,Unknown
11696,Unknown
11697,Unknown
11698,Unknown
11699,Unknown
11700,Unknown
11701,Unknown
11702,Unknown
11703,Unknown
11704,Unknown
11705,Unknown
11706,Unknown
11707,Unknown
11708,Unknown
11709,Unknown
11710,Unknown
11711,Unknown
11712,Unknown
11713,Unknown
11714,Unknown
11715,Unknown
11716,Unknown
11717,Unknown
11718,Unknown
11719,Unknown
11720,Unknown
11721,Unknown
11722,Unknown
11723,Unknown
11724,Unknown
11725,Unknown
11726,Unknown
11727,Unknown
11728,Unknown
11729,Unknown
11730,Unknown
11731,Unknown
11732,Unknown
11733,Unknown
11734,Unknown
11735,Unknown
11736,Unknown
11737,Unknown
11738,Unknown
11739,Unknown
11740,Unknown
11741,Unknown
11742,Unknown
11743,Unknown
11744,Unknown
11745,Unknown
11746,Unknown
11747,Unknown
11748,Unknown
11749,Unknown
11750,Unknown
11751,Unknown
11752,Unknown
11753,Unknown
11754,Unknown
11755,Unknown
11756,Unknown
11757,Unknown
11758,Unknown
11759,Unknown
11760,Unknown
11761,Unknown
11762,Unknown
11763,Unknown
11764,Unknown
11765,Unknown
11766,Unknown
11767,Unknown
11768,Unknown
11769,Unknown
11770,Unknown
11771,Unknown
11772,Unknown
11773,Unknown
11774,Unknown
11775,Unknown
11776,Unknown
11777,Unknown
11778,Unknown
11779,Unknown
11780,Unknown
11781,Unknown
11782,Unknown
11783,Unknown
11784,Unknown
11785,Unknown
11786,Unknown
11787,Unknown
11788,Unknown
11789,Unknown
11790,Unknown
11791,Unknown
11792,Unknown
11793,Unknown
11794,Unknown
11795,Unknown
11796,Unknown
11797,Unknown
11798,Unknown
11799,Unknown
11800,Unknown
11801,Unknown
11802,Unknown
11803,Unknown
11804,Unknown
11805,Unknown
11806,Unknown
11807,Unknown
11808,Unknown
11809,Unknown
11810,Unknown
11811,Unknown
11812,Unknown
11813,Unknown
11814,Unknown
11815,Unknown
11816,Unknown
11817,Unknown
11818,Unknown
11819,Unknown
11820,Unknown
11821,Unknown
11822,Unknown
11823,Unknown
11824,Unknown
11825,Unknown
11826,Unknown
11827,Unknown
11828,Unknown
11829,Unknown
11830,Unknown
11831,Unknown
11832,Unknown
11833,Unknown
11834,Unknown
11835,Unknown
11836,Unknown
11837,Unknown
11838,Unknown
11839,Unknown
11840,Unknown
11841,Unknown
11842,Unknown
11843,Unknown
11844,Unknown
11845,Unknown
11846,Unknown
11847,Unknown
11848,Unknown
11849,Unknown
11850,Unknown
11851,Unknown
11852,Unknown
11853,Unknown
11854,Unknown
11855,Unknown
11856,Unknown
11857,Unknown
11858,Unknown
11859,Unknown
11860,Unknown
11861,Unknown
11862,Unknown
11863,Unknown
11864,Unknown
11865,Unknown
11866,Unknown
11867,Unknown
11868,Unknown
11869,Unknown
11870,Unknown
11871,Unknown
11872,Unknown
11873,Unknown
11874,Unknown
11875,Unknown
11876,Unknown
11877,Unknown
11878,Unknown
11879,Unknown
11880,Unknown
11881,Unknown
11882,Unknown
11883,Unknown
11884,Unknown
11885,Unknown
11886,Unknown
11887,Unknown
11888,Unknown
11889,Unknown
11890,Unknown
11891,Unknown
11892,Unknown
11893,Unknown
11894,Unknown
11895,Unknown
11896,Unknown
11897,Unknown
11898,Unknown
11899,Unknown
11900,Unknown
11901,Unknown
11902,Unknown
11903,Unknown
11904,Unknown
11905,Unknown
11906,Unknown
11907,Unknown
11908,Unknown
11909,Unknown
11910,Unknown
11911,Unknown
11912,Unknown
11913,Unknown
11914,Unknown
11915,Unknown
11916,Unknown
11917,Unknown
11918,Unknown
11919,Unknown
11920,Unknown
11921,Unknown
11922,Unknown
11923,Unknown
11924,Unknown
11925,Unknown
11926,Unknown
11927,Unknown
11928,Unknown
11929,Unknown
11930,Unknown
11931,Unknown
11932,Unknown
11933,Unknown
11934,Unknown
11935,Unknown
11936,Unknown
11937,Unknown
11938,Unknown
11939,Unknown
11940,Unknown
11941,Unknown
11942,Unknown
11943,Unknown
11944,Unknown
11945,Unknown
11946,Unknown
11947,Unknown
11948,Unknown
11949,Unknown
11950,Unknown
11951,Unknown
11952,Unknown
11953,Unknown
11954,Unknown
11955,Unknown
11956,Unknown
11957,Unknown
11958,Unknown
11959,Unknown
11960,Unknown
11961,Unknown
11962,Unknown
11963,Unknown
11964,Unknown
11965,Unknown
11966,Unknown
11967,Unknown
11968,Unknown
11969,Refrigerant
11970,Air
11971,Air
11972,Air
11973,Air
11974,Air
11975,Air
11976,Air
11977,Air
11978,Air
11979,Air
11980,Air
11981,Air
11982,Exhaust
11983,Air
11984,Water
11985,Refrigerant
11986,Air
11987,Exhaust
11988,Air
11989,Refrigerant
11990,Refrigerant
11991,Refrigerant
11992,Refrigerant
11993,Exhaust
11994,Unknown
11995,Unknown
11996,Unknown
11997,Unknown
11998,Unknown
11999,Unknown
12000,Unknown
12001,Unknown
12002,Unknown
12003,Unknown
12004,Unknown
12005,Unknown
12006,Unknown
12007,Unknown
12008,Unknown
12009,Unknown
12010,Unknown
12011,Unknown
12012,Unknown
12013,Unknown
12014,Unknown
12015,Unknown
12016,Unknown
12017,Unknown
12018,Unknown
12019,Unknown
12020,Unknown
12021,Unknown
12022,Unknown
12023,Unknown
12024,Unknown
12025,Unknown
12026,Unknown
12027,Unknown
12028,Unknown
12029,Unknown
12030,Unknown
12031,Unknown
12032,Unknown
12033,Unknown
12034,Unknown
12035,Unknown
12036,Unknown
12037,Unknown
12038,Unknown
12039,Unknown
12040,Unknown
12041,Unknown
12042,Unknown
12043,Unknown
12044,Unknown
12045,Unknown
12046,Unknown
12047,Unknown
12048,Unknown
12049,Unknown
12050,Unknown
12051,Unknown
12052,Unknown
12053,Unknown
12054,Unknown
12055,Unknown
12056,Unknown
12057,Unknown
12058,Unknown
12059,Unknown
12060,Unknown
12061,Unknown
12062,Unknown
12063,Unknown
12064,Unknown
12065,Unknown
12066,Unknown
12067,Unknown
12068,Unknown
12069,Unknown
12070,Unknown
12071,Unknown
12072,Unknown
12073,Unknown
12074,Unknown
12075,Unknown
12076,Unknown
12077,Unknown
12078,Unknown
12079,Unknown
12080,Unknown
12081,Unknown
12082,Unknown
12083,Unknown
12084,Unknown
12085,Unknown
12086,Unknown
12087,Unknown
12088,Unknown
12089,Unknown
12090,Unknown
12091,Unknown
12092,Unknown
12093,Unknown
12094,Unknown
12095,Unknown
12096,Unknown
12097,Unknown
12098,Unknown
12099,Unknown
12100,Unknown
12101,Unknown
12102,Unknown
12103,Unknown
12104,Unknown
12105,Unknown
12106,Unknown
12107,Unknown
12108,Unknown
12109,Unknown
12110,Unknown
12111,Unknown
12112,Unknown
12113,Unknown
12114,Unknown
12115,Unknown
12116,Unknown
12117,Unknown
12118,Unknown
12119,Unknown
12120,Unknown
12121,Unknown
12122,Unknown
12123,Unknown
12124,Unknown
12125,Unknown
12126,Unknown
12127,Unknown
12128,Unknown
12129,Unknown
12130,Unknown
12131,Unknown
12132,Unknown
12133,Unknown
12134,Unknown
12135,Unknown
12136,Unknown
12137,Unknown
12138,Unknown
12139,Unknown
12140,Unknown
12141,Unknown
12142,Unknown
12143,Unknown
12144,Unknown
12145,Unknown
12146,Unknown
12147,Unknown
12148,Unknown
12149,Unknown
12150,Unknown
12151,Unknown
12152,Unknown
12153,Unknown
12154,Unknown
12155,Unknown
12156,Unknown
12157,Unknown
12158,Unknown
12159,Unknown
12160,Unknown
12161,Unknown
12162,Unknown
12163,Unknown
12164,Unknown
12165,Unknown
12166,Unknown
12167,Unknown
12168,Unknown
12169,Unknown
12170,Unknown
12171,Unknown
12172,Unknown
12173,Unknown
12174,Unknown
12175,Unknown
12176,Unknown
12177,Unknown
12178,Unknown
12179,Unknown
12180,Unknown
12181,Unknown
12182,Unknown
12183,Unknown
12184,Unknown
12185,Unknown
12186,Unknown
12187,Unknown
12188,Unknown
12189,Unknown
12190,Unknown
12191,Unknown
12192,Unknown
12193,Unknown
12194,Unknown
12195,Unknown
12196,Unknown
12197,Unknown
12198,Unknown
12199,Unknown
12200,Unknown
12201,Unknown
12202,Unknown
12203,Unknown
12204,Unknown
12205,Unknown
12206,Unknown
12207,Unknown
12208,Unknown
12209,Unknown
12210,Unknown
12211,Unknown
12212,Unknown
12213,Unknown
12214,Unknown
12215,Unknown
12216,Unknown
12217,Unknown
12218,Unknown
12219,Unknown
12220,Unknown
12221,Unknown
12222,Unknown
12223,Unknown
12224,Unknown
12225,Unknown
12226,Unknown
12227,Unknown
12228,Unknown
12229,Unknown
12230,Unknown
12231,Unknown
12232,Unknown
12233,Unknown
12234,Unknown
12235,Unknown
12236,Unknown
12237,Unknown
12238,Unknown
12239,Unknown
12240,Unknown
12241,Unknown
12242,Unknown
12243,Unknown
12244,Unknown
12245,Unknown
12246,Unknown
12247,Unknown
12248,Unknown
12249,Unknown
12250,Unknown
12251,Unknown
12252,Unknown
12253,Unknown
12254,Unknown
12255,Unknown
12256,Unknown
12257,Unknown
12258,Unknown
12259,Unknown
12260,Unknown
12261,Unknown
12262,Unknown
12263,Unknown
12264,Unknown
12265,Unknown
12266,Unknown
12267,Unknown
12268,Unknown
12269,Unknown
12270,Unknown
12271,Unknown
12272,Unknown
12273,Unknown
12274,Unknown
12275,Unknown
12276,Unknown
12277,Unknown
12278,Unknown
12279,Unknown
12280,Unknown
12281,Unknown
12282,Unknown
12283,Unknown
12284,Unknown
12285,Unknown
12286,Unknown
12287,Unknown
12288,Unknown
12289,Unknown
12290,Unknown
12291,Unknown
12292,Unknown
12293,Unknown
12294,Unknown
12295,Unknown
12296,Unknown
12297,Unknown
12298,Unknown
12299,Unknown
12300,Unknown
12301,Unknown
12302,Unknown
12303,Unknown
12304,Unknown
12305,Unknown
12306,Unknown
12307,Unknown
12308,Unknown
12309,Unknown
12310,Unknown
12311,Unknown
12312,Unknown
12313,Unknown
12314,Unknown
12315,Unknown
12316,Unknown
12317,Unknown
12318,Unknown
12319,Unknown
12320,Unknown
12321,Unknown
12322,Unknown
12323,Unknown
12324,Unknown
12325,Unknown
12326,Unknown
12327,Unknown
12328,Unknown
12329,Unknown
12330,Unknown
12331,Unknown
12332,Unknown
12333,Unknown
12334,Unknown
12335,Unknown
12336,Unknown
12337,Unknown
12338,Unknown
12339,Unknown
12340,Unknown
12341,Unknown
12342,Unknown
12343,Unknown
12344,Unknown
12345,Unknown
12346,Unknown
12347,Unknown
12348,Unknown
12349,Unknown
12350,Unknown
12351,Unknown
12352,Unknown
12353,Unknown
12354,Unknown
12355,Unknown
12356,Unknown
12357,Unknown
12358,Unknown
12359,Unknown
12360,Unknown
12361,Unknown
12362,Unknown
12363,Unknown
12364,Unknown
12365,Unknown
12366,Unknown
12367,Unknown
12368,Unknown
12369,Unknown
12370,Unknown
12371,Unknown
12372,Unknown
12373,Unknown
12374,Unknown
12375,Unknown
12376,Unknown
12377,Unknown
12378,Unknown
12379,Unknown
12380,Unknown
12381,Unknown
12382,Unknown
12383,Unknown
12384,Unknown
12385,Unknown
12386,Unknown
12387,Unknown
12388,Unknown
12389,Unknown
12390,Unknown
12391,Unknown
12392,Unknown
12393,Unknown
12394,Unknown
12395,Unknown
12396,Unknown
12397,Unknown
12398,Unknown
12399,Unknown
12400,Unknown
12401,Unknown
12402,Unknown
12403,Unknown
12404,Unknown
12405,Unknown
12406,Unknown
12407,Unknown
12408,Unknown
12409,Unknown
12410,Unknown
12411,Unknown
12412,Unknown
12413,Unknown
12414,Unknown
12415,Unknown
12416,Unknown
12417,Unknown
12418,Unknown
12419,Unknown
12420,Unknown
12421,Unknown
12422,Unknown
12423,Unknown
12424,Unknown
12425,Unknown
12426,Unknown
12427,Unknown
12428,Unknown
12429,Unknown
12430,Unknown
12431,Unknown
12432,Unknown
12433,Unknown
12434,Unknown
12435,Unknown
12436,Unknown
12437,Unknown
12438,Unknown
12439,Unknown
12440,Unknown
12441,Unknown
12442,Unknown
12443,Unknown
12444,Unknown
12445,Unknown
12446,Unknown
12447,Unknown
12448,Unknown
12449,Unknown
12450,Unknown
12451,Unknown
12452,Unknown
12453,Unknown
12454,Unknown
12455,Unknown
12456,Unknown
12457,Unknown
12458,Unknown
12459,Unknown
12460,Unknown
12461,Unknown
12462,Unknown
12463,Unknown
12464,Unknown
12465,Unknown
12466,Unknown
12467,Unknown
12468,Unknown
12469,Unknown
12470,Unknown
12471,Unknown
12472,Unknown
12473,Unknown
12474,Unknown
12475,Unknown
12476,Unknown
12477,Unknown
12478,Unknown
12479,Unknown
12480,Unknown
12481,Unknown
12482,Unknown
12483,Unknown
12484,Unknown
12485,Unknown
12486,Unknown
12487,Unknown
12488,Unknown
12489,Unknown
12490,Unknown
12491,Unknown
12492,Unknown
12493,Unknown
12494,Unknown
12495,Unknown
12496,Unknown
12497,Unknown
12498,Unknown
12499,Unknown
12500,Unknown
12501,Unknown
12502,Unknown
12503,Unknown
12504,Unknown
12505,Unknown
12506,Unknown
12507,Unknown
12508,Unknown
12509,Unknown
12510,Unknown
12511,Unknown
12512,Unknown
12513,Unknown
12514,Unknown
12515,Unknown
12516,Unknown
12517,Unknown
12518,Unknown
12519,Unknown
12520,Unknown
12521,Unknown
12522,Unknown
12523,Unknown
12524,Unknown
12525,Unknown
12526,Unknown
12527,Unknown
12528,Unknown
12529,Unknown
12530,Unknown
12531,Unknown
12532,Unknown
12533,Unknown
12534,Unknown
12535,Unknown
12536,Unknown
12537,Unknown
12538,Unknown
12539,Unknown
12540,Unknown
12541,Unknown
12542,Unknown
12543,Unknown
12544,Unknown
12545,Unknown
12546,Unknown
12547,Unknown
12548,Unknown
12549,Unknown
12550,Unknown
12551,Unknown
12552,Unknown
12553,Unknown
12554,Unknown
12555,Unknown
12556,Unknown
12557,Unknown
12558,Unknown
12559,Unknown
12560,Unknown
12561,Unknown
12562,Unknown
12563,Unknown
12564,Unknown
12565,Unknown
12566,Unknown
12567,Unknown
12568,Unknown
12569,Unknown
12570,Unknown
12571,Unknown
12572,Unknown
12573,Unknown
12574,Unknown
12575,Unknown
12576,Unknown
12577,Unknown
12578,Unknown
12579,Unknown
12580,Unknown
12581,Unknown
12582,Unknown
12583,Unknown
12584,Unknown
12585,Unknown
12586,Unknown
12587,Unknown
12588,Unknown
12589,Unknown
12590,Unknown
12591,Unknown
12592,Unknown
12593,Unknown
12594,Unknown
12595,Unknown
12596,Unknown
12597,Unknown
12598,Unknown
12599,Unknown
12600,Unknown
12601,Unknown
12602,Unknown
12603,Unknown
12604,Unknown
12605,Unknown
12606,Unknown
12607,Unknown
12608,Unknown
12609,Unknown
12610,Unknown
12611,Unknown
12612,Unknown
12613,Unknown
12614,Unknown
12615,Unknown
12616,Unknown
12617,Unknown
12618,Unknown
12619,Unknown
12620,Unknown
12621,Unknown
12622,Unknown
12623,Unknown
12624,Unknown
12625,Unknown
12626,Unknown
12627,Unknown
12628,Unknown
12629,Unknown
12630,Unknown
12631,Unknown
12632,Unknown
12633,Unknown
12634,Unknown
12635,Unknown
12636,Unknown
12637,Unknown
12638,Unknown
12639,Unknown
12640,Unknown
12641,Unknown
12642,Unknown
12643,Unknown
12644,Unknown
12645,Unknown
12646,Unknown
12647,Unknown
12648,Unknown
12649,Unknown
12650,Unknown
12651,Unknown
12652,Unknown
12653,Unknown
12654,Unknown
12655,Unknown
12656,Unknown
12657,Unknown
12658,Unknown
12659,Unknown
12660,Unknown
12661,Unknown
12662,Unknown
12663,Unknown
12664,Unknown
12665,Unknown
12666,Unknown
12667,Unknown
12668,Unknown
12669,Unknown
12670,Unknown
12671,Unknown
12672,Unknown
12673,Unknown
12674,Unknown
12675,Unknown
12676,Unknown
12677,Unknown
12678,Unknown
12679,Unknown
12680,Unknown
12681,Unknown
12682,Unknown
12683,Unknown
12684,Unknown
12685,Unknown
12686,Unknown
12687,Unknown
12688,Unknown
12689,Unknown
12690,Unknown
12691,Unknown
12692,Unknown
12693,Unknown
12694,Unknown
12695,Unknown
12696,Unknown
12697,Unknown
12698,Unknown
12699,Unknown
12700,Unknown
12701,Unknown
12702,Unknown
12703,Unknown
12704,Unknown
12705,Unknown
12706,Unknown
12707,Unknown
12708,Unknown
12709,Unknown
12710,Unknown
12711,Unknown
12712,Unknown
12713,Unknown
12714,Unknown
12715,Unknown
12716,Unknown
12717,Unknown
12718,Unknown
12719,Unknown
12720,Unknown
12721,Unknown
12722,Unknown
12723,Unknown
12724,Unknown
12725,Unknown
12726,Unknown
12727,Unknown
12728,Unknown
12729,Unknown
12730,Unknown
12731,Unknown
12732,Unknown
12733,Unknown
12734,Unknown
12735,Unknown
12736,Unknown
12737,Unknown
12738,Unknown
12739,Unknown
12740,Unknown
12741,Unknown
12742,Unknown
12743,Unknown
12744,Unknown
12745,Unknown
12746,Unknown
12747,Unknown
12748,Unknown
12749,Unknown
12750,Unknown
12751,Unknown
12752,Unknown
12753,Unknown
12754,Unknown
12755,Unknown
12756,Unknown
12757,Unknown
12758,Unknown
12759,Unknown
12760,Unknown
12761,Unknown
12762,Unknown
12763,Unknown
12764,Unknown
12765,Unknown
12766,Unknown
12767,Unknown
12768,Unknown
12769,Unknown
12770,Unknown
12771,Unknown
12772,Unknown
12773,Unknown
12774,Unknown
12775,Unknown
12776,Unknown
12777,Unknown
12778,Unknown
12779,Unknown
12780,Unknown
12781,Unknown
12782,Unknown
12783,Unknown
12784,Unknown
12785,Unknown
12786,Unknown
12787,Unknown
12788,Unknown
12789,Unknown
12790,Unknown
12791,Unknown
12792,Unknown
12793,Unknown
12794,Unknown
12795,Unknown
12796,Unknown
12797,Unknown
12798,Unknown
12799,Unknown
12800,Unknown
12801,Unknown
12802,Unknown
12803,Unknown
12804,Unknown
12805,Unknown
12806,Unknown
12807,Unknown
12808,Unknown
12809,Unknown
12810,Unknown
12811,Unknown
12812,Unknown
12813,Unknown
12814,Unknown
12815,Unknown
12816,Unknown
12817,Unknown
12818,Unknown
12819,Unknown
12820,Unknown
12821,Unknown
12822,Unknown
12823,Unknown
12824,Unknown
12825,Unknown
12826,Unknown
12827,Unknown
12828,Unknown
12829,Unknown
12830,Unknown
12831,Unknown
12832,Unknown
12833,Unknown
12834,Unknown
12835,Unknown
12836,Unknown
12837,Unknown
12838,Unknown
12839,Unknown
12840,Unknown
12841,Unknown
12842,Unknown
12843,Unknown
12844,Unknown
12845,Unknown
12846,Unknown
12847,Unknown
12848,Unknown
12849,Unknown
12850,Unknown
12851,Unknown
12852,Unknown
12853,Unknown
12854,Unknown
12855,Unknown
12856,Unknown
12857,Unknown
12858,Unknown
12859,Unknown
12860,Unknown
12861,Unknown
12862,Unknown
12863,Unknown
12864,Unknown
12865,Unknown
12866,Unknown
12867,Unknown
12868,Unknown
12869,Unknown
12870,Unknown
12871,Unknown
12872,Unknown
12873,Unknown
12874,Unknown
12875,Unknown
12876,Unknown
12877,Unknown
12878,Unknown
12879,Unknown
12880,Unknown
12881,Unknown
12882,Unknown
12883,Unknown
12884,Unknown
12885,Unknown
12886,Unknown
12887,Unknown
12888,Unknown
12889,Unknown
12890,Unknown
12891,Unknown
12892,Unknown
12893,Unknown
12894,Unknown
12895,Unknown
12896,Unknown
12897,Unknown
12898,Unknown
12899,Unknown
12900,Unknown
12901,Unknown
12902,Unknown
12903,Unknown
12904,Unknown
12905,Unknown
12906,Unknown
12907,Unknown
12908,Unknown
12909,Unknown
12910,Unknown
12911,Unknown
12912,Unknown
12913,Unknown
12914,Unknown
12915,Unknown
12916,Unknown
12917,Unknown
12918,Unknown
12919,Unknown
12920,Unknown
12921,Unknown
12922,Unknown
12923,Unknown
12924,Unknown
12925,Unknown
12926,Unknown
12927,Unknown
12928,Unknown
12929,Unknown
12930,Unknown
12931,Unknown
12932,Unknown
12933,Unknown
12934,Unknown
12935,Unknown
12936,Unknown
12937,Unknown
12938,Unknown
12939,Unknown
12940,Unknown
12941,Unknown
12942,Unknown
12943,Unknown
12944,Unknown
12945,Unknown
12946,Unknown
12947,Unknown
12948,Unknown
12949,Unknown
12950,Unknown
12951,Unknown
12952,Unknown
12953,Unknown
12954,Unknown
12955,Unknown
12956,Unknown
12957,Unknown
12958,Unknown
12959,Unknown
12960,Unknown
12961,Unknown
12962,Unknown
12963,Unknown
12964,Unknown
12965,Unknown
12966,Unknown
12967,Unknown
12968,Unknown
12969,Unknown
12970,Unknown
12971,Unknown
12972,Unknown
12973,Unknown
12974,Unknown
12975,Unknown
12976,Unknown
12977,Unknown
12978,Unknown
12979,Unknown
12980,Unknown
12981,Unknown
12982,Unknown
12983,Unknown
12984,Unknown
12985,Unknown
12986,Unknown
12987,Unknown
12988,Unknown
12989,Unknown
12990,Unknown
12991,Unknown
12992,Unknown
12993,Unknown
12994,Unknown
12995,Unknown
12996,Unknown
12997,Unknown
12998,Unknown
12999,Unknown
13000,Unknown
13001,Unknown
13002,Unknown
13003,Unknown
13004,Unknown
13005,Unknown
13006,Unknown
13007,Unknown
13008,Unknown
13009,Unknown
13010,Unknown
13011,Unknown
13012,Unknown
13013,Unknown
13014,Unknown
13015,Unknown
13016,Unknown
13017,Unknown
13018,Unknown
13019,Unknown
13020,Unknown
13021,Unknown
13022,Unknown
13023,Unknown
13024,Unknown
13025,Unknown
13026,Unknown
13027,Unknown
13028,Unknown
13029,Unknown
13030,Unknown
13031,Unknown
13032,Unknown
13033,Unknown
13034,Unknown
13035,Unknown
13036,Unknown
13037,Unknown
13038,Unknown
13039,Unknown
13040,Unknown
13041,Unknown
13042,Unknown
13043,Unknown
13044,Unknown
13045,Unknown
13046,Unknown
13047,Unknown
13048,Unknown
13049,Unknown
13050,Unknown
13051,Unknown
13052,Unknown
13053,Unknown
13054,Unknown
13055,Unknown
13056,Unknown
13057,Unknown
13058,Unknown
13059,Unknown
13060,Unknown
13061,Unknown
13062,Unknown
13063,Unknown
13064,Unknown
13065,Unknown
13066,Unknown
13067,Unknown
13068,Unknown
13069,Unknown
13070,Unknown
13071,Unknown
13072,Unknown
13073,Unknown
13074,Unknown
13075,Unknown
13076,Unknown
13077,Unknown
13078,Unknown
13079,Unknown
13080,Unknown
13081,Unknown
13082,Unknown
13083,Unknown
13084,Unknown
13085,Unknown
13086,Unknown
13087,Unknown
13088,Unknown
13089,Unknown
13090,Unknown
13091,Unknown
13092,Unknown
13093,Unknown
13094,Unknown
13095,Unknown
13096,Unknown
13097,Unknown
13098,Unknown
13099,Unknown
13100,Unknown
13101,Unknown
13102,Unknown
13103,Unknown
13104,Unknown
13105,Unknown
13106,Unknown
13107,Unknown
13108,Unknown
13109,Unknown
13110,Unknown
13111,Unknown
13112,Unknown
13113,Unknown
13114,Unknown
13115,Unknown
13116,Unknown
13117,Unknown
13118,Unknown
13119,Unknown
13120,Unknown
13121,Unknown
13122,Unknown
13123,Unknown
13124,Unknown
13125,Unknown
13126,Unknown
13127,Unknown
13128,Unknown
13129,Unknown
13130,Unknown
13131,Unknown
13132,Unknown
13133,Unknown
13134,Unknown
13135,Unknown
13136,Unknown
13137,Unknown
13138,Unknown
13139,Unknown
13140,Unknown
13141,Unknown
13142,Unknown
13143,Unknown
13144,Unknown
13145,Unknown
13146,Unknown
13147,Unknown
13148,Unknown
13149,Unknown
13150,Unknown
13151,Unknown
13152,Unknown
13153,Unknown
13154,Unknown
13155,Unknown
13156,Unknown
13157,Unknown
13158,Unknown
13159,Unknown
13160,Unknown
13161,Unknown
13162,Unknown
13163,Unknown
13164,Unknown
13165,Unknown
13166,Unknown
13167,Unknown
13168,Unknown
13169,Unknown
13170,Unknown
13171,Unknown
13172,Unknown
13173,Unknown
13174,Unknown
13175,Unknown
13176,Unknown
13177,Unknown
13178,Unknown
13179,Unknown
13180,Unknown
13181,Unknown
13182,Unknown
13183,Unknown
13184,Unknown
13185,Unknown
13186,Unknown
13187,Unknown
13188,Unknown
13189,Unknown
13190,Unknown
13191,Unknown
13192,Unknown
13193,Unknown
13194,Unknown
13195,Unknown
13196,Unknown
13197,Unknown
13198,Unknown
13199,Unknown
13200,Unknown
13201,Unknown
13202,Unknown
13203,Unknown
13204,Unknown
13205,Unknown
13206,Unknown
13207,Unknown
13208,Unknown
13209,Unknown
13210,Unknown
13211,Unknown
13212,Unknown
13213,Unknown
13214,Unknown
13215,Unknown
13216,Unknown
13217,Unknown
13218,Unknown
13219,Unknown
13220,Unknown
13221,Unknown
13222,Unknown
13223,Unknown
13224,Unknown
13225,Unknown
13226,Unknown
13227,Unknown
13228,Unknown
13229,Unknown
13230,Unknown
13231,Unknown
13232,Unknown
13233,Unknown
13234,Unknown
13235,Unknown
13236,Unknown
13237,Unknown
13238,Unknown
13239,Unknown
13240,Unknown
13241,Unknown
13242,Unknown
13243,Unknown
13244,Unknown
13245,Unknown
13246,Unknown
13247,Unknown
13248,Unknown
13249,Unknown
13250,Unknown
13251,Unknown
13252,Unknown
13253,Unknown
13254,Unknown
13255,Unknown
13256,Unknown
13257,Unknown
13258,Unknown
13259,Unknown
13260,Unknown
13261,Unknown
13262,Unknown
13263,Unknown
13264,Unknown
13265,Unknown
13266,Unknown
13267,Unknown
13268,Unknown
13269,Unknown
13270,Unknown
13271,Unknown
13272,Unknown
13273,Unknown
13274,Unknown
13275,Unknown
13276,Unknown
13277,Unknown
13278,Unknown
13279,Unknown
13280,Unknown
13281,Unknown
13282,Unknown
13283,Unknown
13284,Unknown
13285,Unknown
13286,Unknown
13287,Unknown
13288,Unknown
13289,Unknown
13290,Unknown
13291,Unknown
13292,Unknown
13293,Unknown
13294,Unknown
13295,Unknown
13296,Unknown
13297,Unknown
13298,Unknown
13299,Unknown
13300,Unknown
13301,Unknown
13302,Unknown
13303,Unknown
13304,Unknown
13305,Unknown
13306,Unknown
13307,Unknown
13308,Unknown
13309,Unknown
13310,Unknown
13311,Unknown
13312,Unknown
13313,Unknown
13314,Unknown
13315,Unknown
13316,Unknown
13317,Unknown
13318,Unknown
13319,Unknown
13320,Unknown
13321,Unknown
13322,Unknown
13323,Unknown
13324,Unknown
13325,Unknown
13326,Unknown
13327,Unknown
13328,Unknown
13329,Unknown
13330,Unknown
13331,Unknown
13332,Unknown
13333,Unknown
13334,Unknown
13335,Unknown
13336,Unknown
13337,Unknown
13338,Unknown
13339,Unknown
13340,Unknown
13341,Unknown
13342,Unknown
13343,Unknown
13344,Unknown
13345,Unknown
13346,Unknown
13347,Unknown
13348,Unknown
13349,Unknown
13350,Unknown
13351,Unknown
13352,Unknown
13353,Unknown
13354,Unknown
13355,Unknown
13356,Unknown
13357,Unknown
13358,Unknown
13359,Unknown
13360,Unknown
13361,Unknown
13362,Unknown
13363,Unknown
13364,Unknown
13365,Unknown
13366,Unknown
13367,Unknown
13368,Water
13369,Water
13370,Water
13371,Water
13372,Water
13373,Water
13374,Water
13375,Water
13376,Water
13377,Water
13378,Water
13379,Water
13380,Water
13381,Water
13382,Water
13383,Water
13384,Water
13385,Water
13386,Water
13387,Water
13388,Water
13389,Water
13390,Water
13391,Water
13392,Water
13393,Unknown
13394,Unknown
13395,Unknown
13396,Unknown
13397,Unknown
13398,Unknown
13399,Unknown
13400,Unknown
13401,Unknown
13402,Unknown
13403,Unknown
13404,Unknown
13405,Unknown
13406,Unknown
13407,Unknown
13408,Unknown
13409,Unknown
13410,Unknown
13411,Unknown
13412,Unknown
13413,Unknown
13414,Unknown
13415,Unknown
13416,Unknown
13417,Unknown
13418,Unknown
13419,Unknown
13420,Unknown
13421,Unknown
13422,Unknown
13423,Unknown
13424,Unknown
13425,Unknown
13426,Unknown
13427,Unknown
13428,Unknown
13429,Unknown
13430,Unknown
13431,Unknown
13432,Unknown
13433,Unknown
13434,Unknown
13435,Unknown
13436,Unknown
13437,Unknown
13438,Unknown
13439,Unknown
13440,Unknown
13441,Unknown
13442,Unknown
13443,Unknown
13444,Unknown
13445,Unknown
13446,Unknown
13447,Unknown
13448,Unknown
13449,Unknown
13450,Unknown
13451,Unknown
13452,Unknown
13453,Unknown
13454,Unknown
13455,Unknown
13456,Unknown
13457,Unknown
13458,Unknown
13459,Unknown
13460,Unknown
13461,Unknown
13462,Unknown
13463,Unknown
13464,Unknown
13465,Unknown
13466,Unknown
13467,Unknown
13468,Unknown
13469,Unknown
13470,Unknown
13471,Unknown
13472,Unknown
13473,Unknown
13474,Unknown
13475,Unknown
13476,Unknown
13477,Unknown
13478,Unknown
13479,Unknown
13480,Unknown
13481,Unknown
13482,Unknown
13483,Unknown
13484,Unknown
13485,Unknown
13486,Unknown
13487,Unknown
13488,Unknown
13489,Unknown
13490,Unknown
13491,Unknown
13492,Unknown
13493,Unknown
13494,Unknown
13495,Unknown
13496,Unknown
13497,Unknown
13498,Unknown
13499,Unknown
13500,Unknown
13501,Unknown
13502,Unknown
13503,Unknown
13504,Unknown
13505,Unknown
13506,Unknown
13507,Unknown
13508,Unknown
13509,Unknown
13510,Unknown
13511,Unknown
13512,Unknown
13513,Unknown
13514,Unknown
13515,Unknown
13516,Unknown
13517,Unknown
13518,Unknown
13519,Unknown
13520,Unknown
13521,Unknown
13522,Unknown
13523,Unknown
13524,Unknown
13525,Unknown
13526,Unknown
13527,Unknown
13528,Unknown
13529,Unknown
13530,Unknown
13531,Unknown
13532,Unknown
13533,Unknown
13534,Unknown
13535,Unknown
13536,Unknown
13537,Unknown
13538,Unknown
13539,Unknown
13540,Unknown
13541,Unknown
13542,Unknown
13543,Unknown
13544,Unknown
13545,Unknown
13546,Unknown
13547,Unknown
13548,Unknown
13549,Unknown
13550,Unknown
13551,Unknown
13552,Unknown
13553,Unknown
13554,Unknown
13555,Unknown
13556,Unknown
13557,Unknown
13558,Unknown
13559,Unknown
13560,Unknown
13561,Unknown
13562,Unknown
13563,Unknown
13564,Unknown
13565,Unknown
13566,Unknown
13567,Unknown
13568,Unknown
13569,Unknown
13570,Unknown
13571,Unknown
13572,Unknown
13573,Unknown
13574,Unknown
13575,Unknown
13576,Unknown
13577,Unknown
13578,Unknown
13579,Unknown
13580,Unknown
13581,Unknown
13582,Unknown
13583,Unknown
13584,Unknown
13585,Unknown
13586,Unknown
13587,Unknown
13588,Unknown
13589,Unknown
13590,Unknown
13591,Unknown
13592,Unknown
13593,Unknown
13594,Unknown
13595,Unknown
13596,Unknown
13597,Unknown
13598,Unknown
13599,Unknown
13600,Unknown
13601,Unknown
13602,Unknown
13603,Unknown
13604,Unknown
13605,Unknown
13606,Unknown
13607,Unknown
13608,Unknown
13609,Unknown
13610,Unknown
13611,Unknown
13612,Unknown
13613,Unknown
13614,Unknown
13615,Unknown
13616,Unknown
13617,Unknown
13618,Unknown
13619,Unknown
13620,Unknown
13621,Unknown
13622,Unknown
13623,Unknown
13624,Unknown
13625,Unknown
13626,Unknown
13627,Unknown
13628,Unknown
13629,Unknown
13630,Unknown
13631,Unknown
13632,Unknown
13633,Unknown
13634,Unknown
13635,Unknown
13636,Unknown
13637,Unknown
13638,Unknown
13639,Unknown
13640,Unknown
13641,Unknown
13642,Unknown
13643,Unknown
13644,Unknown
13645,Unknown
13646,Unknown
13647,Unknown
13648,Unknown
13649,Unknown
13650,Unknown
13651,Unknown
13652,Unknown
13653,Unknown
13654,Unknown
13655,Unknown
13656,Unknown
13657,Unknown
13658,Unknown
13659,Unknown
13660,Unknown
13661,Unknown
13662,Unknown
13663,Unknown
13664,Unknown
13665,Unknown
13666,Unknown
13667,Unknown
13668,Unknown
13669,Unknown
13670,Unknown
13671,Unknown
13672,Unknown
13673,Unknown
13674,Unknown
13675,Unknown
13676,Unknown
13677,Unknown
13678,Unknown
13679,Unknown
13680,Unknown
13681,Unknown
13682,Unknown
13683,Unknown
13684,Unknown
13685,Unknown
13686,Unknown
13687,Unknown
13688,Unknown
13689,Unknown
13690,Unknown
13691,Unknown
13692,Unknown
13693,Unknown
13694,Unknown
13695,Unknown
13696,Unknown
13697,Unknown
13698,Unknown
13699,Unknown
13700,Unknown
13701,Unknown
13702,Unknown
13703,Unknown
13704,Unknown
13705,Unknown
13706,Unknown
13707,Unknown
13708,Unknown
13709,Unknown
13710,Unknown
13711,Unknown
13712,Unknown
13713,Unknown
13714,Unknown
13715,Unknown
13716,Unknown
13717,Unknown
13718,Unknown
13719,Unknown
13720,Unknown
13721,Unknown
13722,Unknown
13723,Unknown
13724,Unknown
13725,Unknown
13726,Unknown
13727,Unknown
13728,Unknown
13729,Unknown
13730,Unknown
13731,Unknown
13732,Unknown
13733,Unknown
13734,Unknown
13735,Unknown
13736,Unknown
13737,Unknown
13738,Unknown
13739,Unknown
13740,Unknown
13741,Unknown
13742,Unknown
13743,Unknown
13744,Unknown
13745,Unknown
13746,Unknown
13747,Unknown
13748,Unknown
13749,Unknown
13750,Unknown
13751,Unknown
13752,Unknown
13753,Unknown
13754,Unknown
13755,Unknown
13756,Unknown
13757,Unknown
13758,Unknown
13759,Unknown
13760,Unknown
13761,Unknown
13762,Unknown
13763,Unknown
13764,Unknown
13765,Unknown
13766,Unknown
13767,Unknown
13768,Unknown
13769,Unknown
13770,Unknown
13771,Unknown
13772,Unknown
13773,Unknown
13774,Unknown
13775,Unknown
13776,Unknown
13777,Unknown
13778,Unknown
13779,Unknown
13780,Unknown
13781,Unknown
13782,Unknown
13783,Unknown
13784,Unknown
13785,Unknown
13786,Unknown
13787,Unknown
13788,Unknown
13789,Unknown
13790,Unknown
13791,Unknown
13792,Unknown
13793,Unknown
13794,Unknown
13795,Unknown
13796,Unknown
13797,Unknown
13798,Unknown
13799,Unknown
13800,Unknown
13801,Unknown
13802,Unknown
13803,Unknown
13804,Unknown
13805,Unknown
13806,Unknown
13807,Unknown
13808,Unknown
13809,Unknown
13810,Unknown
13811,Unknown
13812,Unknown
13813,Unknown
13814,Unknown
13815,Unknown
13816,Unknown
13817,Unknown
13818,Unknown
13819,Unknown
13820,Unknown
13821,Unknown
13822,Unknown
13823,Unknown
13824,Unknown
13825,Unknown
13826,Unknown
13827,Unknown
13828,Unknown
13829,Unknown
13830,Unknown
13831,Unknown
13832,Unknown
13833,Unknown
13834,Unknown
13835,Unknown
13836,Unknown
13837,Unknown
13838,Unknown
13839,Unknown
13840,Unknown
13841,Unknown
13842,Unknown
13843,Unknown
13844,Unknown
13845,Unknown
13846,Unknown
13847,Unknown
13848,Unknown
13849,Unknown
13850,Unknown
13851,Unknown
13852,Unknown
13853,Unknown
13854,Unknown
13855,Unknown
13856,Unknown
13857,Unknown
13858,Unknown
13859,Unknown
13860,Unknown
13861,Unknown
13862,Unknown
13863,Unknown
13864,Unknown
13865,Unknown
13866,Unknown
13867,Unknown
13868,Unknown
13869,Unknown
13870,Unknown
13871,Unknown
13872,Unknown
13873,Unknown
13874,Unknown
13875,Unknown
13876,Unknown
13877,Unknown
13878,Unknown
13879,Unknown
13880,Unknown
13881,Unknown
13882,Unknown
13883,Unknown
13884,Unknown
13885,Unknown
13886,Unknown
13887,Unknown
13888,Unknown
13889,Unknown
13890,Unknown
13891,Unknown
13892,Unknown
13893,Unknown
13894,Unknown
13895,Unknown
13896,Unknown
13897,Unknown
13898,Unknown
13899,Unknown
13900,Unknown
13901,Unknown
13902,Unknown
13903,Unknown
13904,Unknown
13905,Unknown
13906,Unknown
13907,Unknown
13908,Unknown
13909,Unknown
13910,Unknown
13911,Unknown
13912,Unknown
13913,Unknown
13914,Unknown
13915,Unknown
13916,Unknown
13917,Unknown
13918,Unknown
13919,Unknown
13920,Unknown
13921,Unknown
13922,Unknown
13923,Unknown
13924,Unknown
13925,Unknown
13926,Unknown
13927,Unknown
13928,Unknown
13929,Unknown
13930,Unknown
13931,Unknown
13932,Unknown
13933,Unknown
13934,Unknown
13935,Unknown
13936,Unknown
13937,Unknown
13938,Unknown
13939,Unknown
13940,Unknown
13941,Unknown
13942,Unknown
13943,Unknown
13944,Unknown
13945,Unknown
13946,Unknown
13947,Unknown
13948,Unknown
13949,Unknown
13950,Unknown
13951,Unknown
13952,Unknown
13953,Unknown
13954,Unknown
13955,Unknown
13956,Unknown
13957,Unknown
13958,Unknown
13959,Unknown
13960,Unknown
13961,Unknown
13962,Unknown
13963,Unknown
13964,Unknown
13965,Unknown
13966,Unknown
13967,Unknown
13968,Unknown
13969,Unknown
13970,Unknown
13971,Unknown
13972,Unknown
13973,Unknown
13974,Unknown
13975,Unknown
13976,Unknown
13977,Unknown
13978,Unknown
13979,Unknown
13980,Unknown
13981,Unknown
13982,Unknown
13983,Unknown
13984,Unknown
13985,Unknown
13986,Unknown
13987,Unknown
13988,Unknown
13989,Unknown
13990,Unknown
13991,Unknown
13992,Unknown
13993,Unknown
13994,Unknown
13995,Unknown
13996,Unknown
13997,Unknown
13998,Unknown
13999,Unknown
14000,Unknown
14001,Unknown
14002,Unknown
14003,Unknown
14004,Unknown
14005,Unknown
14006,Unknown
14007,Unknown
14008,Unknown
14009,Unknown
14010,Unknown
14011,Unknown
14012,Unknown
14013,Unknown
14014,Unknown
14015,Unknown
14016,Unknown
14017,Unknown
14018,Unknown
14019,Unknown
14020,Unknown
14021,Unknown
14022,Unknown
14023,Unknown
14024,Unknown
14025,Unknown
14026,Unknown
14027,Unknown
14028,Unknown
14029,Unknown
14030,Unknown
14031,Unknown
14032,Unknown
14033,Unknown
14034,Unknown
14035,Unknown
14036,Unknown
14037,Unknown
14038,Unknown
14039,Unknown
14040,Unknown
14041,Unknown
14042,Unknown
14043,Unknown
14044,Unknown
14045,Unknown
14046,Unknown
14047,Unknown
14048,Unknown
14049,Unknown
14050,Unknown
14051,Unknown
14052,Unknown
14053,Unknown
14054,Unknown
14055,Unknown
14056,Unknown
14057,Unknown
14058,Unknown
14059,Unknown
14060,Unknown
14061,Unknown
14062,Unknown
14063,Unknown
14064,Unknown
14065,Unknown
14066,Unknown
14067,Unknown
14068,Unknown
14069,Unknown
14070,Unknown
14071,Unknown
14072,Unknown
14073,Unknown
14074,Unknown
14075,Unknown
14076,Unknown
14077,Unknown
14078,Unknown
14079,Unknown
14080,Unknown
14081,Unknown
14082,Unknown
14083,Unknown
14084,Unknown
14085,Unknown
14086,Unknown
14087,Unknown
14088,Unknown
14089,Unknown
14090,Unknown
14091,Unknown
14092,Unknown
14093,Unknown
14094,Unknown
14095,Unknown
14096,Unknown
14097,Unknown
14098,Unknown
14099,Unknown
14100,Unknown
14101,Unknown
14102,Unknown
14103,Unknown
14104,Unknown
14105,Unknown
14106,Unknown
14107,Unknown
14108,Unknown
14109,Unknown
14110,Unknown
14111,Unknown
14112,Unknown
14113,Unknown
14114,Unknown
14115,Unknown
14116,Unknown
14117,Unknown
14118,Unknown
14119,Unknown
14120,Unknown
14121,Unknown
14122,Unknown
14123,Unknown
14124,Unknown
14125,Unknown
14126,Unknown
14127,Unknown
14128,Unknown
14129,Unknown
14130,Unknown
14131,Unknown
14132,Unknown
14133,Unknown
14134,Unknown
14135,Unknown
14136,Unknown
14137,Unknown
14138,Unknown
14139,Unknown
14140,Unknown
14141,Unknown
14142,Unknown
14143,Unknown
14144,Unknown
14145,Unknown
14146,Unknown
14147,Unknown
14148,Unknown
14149,Unknown
14150,Unknown
14151,Unknown
14152,Unknown
14153,Unknown
14154,Unknown
14155,Unknown
14156,Unknown
14157,Unknown
14158,Unknown
14159,Unknown
14160,Unknown
14161,Unknown
14162,Unknown
14163,Unknown
14164,Unknown
14165,Unknown
14166,Unknown
14167,Unknown
14168,Unknown
14169,Unknown
14170,Unknown
14171,Unknown
14172,Unknown
14173,Unknown
14174,Unknown
14175,Unknown
14176,Unknown
14177,Unknown
14178,Unknown
14179,Unknown
14180,Unknown
14181,Unknown
14182,Unknown
14183,Unknown
14184,Unknown
14185,Unknown
14186,Unknown
14187,Unknown
14188,Unknown
14189,Unknown
14190,Unknown
14191,Unknown
14192,Unknown
14193,Unknown
14194,Unknown
14195,Unknown
14196,Unknown
14197,Unknown
14198,Unknown
14199,Unknown
14200,Unknown
14201,Unknown
14202,Unknown
14203,Unknown
14204,Unknown
14205,Unknown
14206,Unknown
14207,Unknown
14208,Unknown
14209,Unknown
14210,Unknown
14211,Unknown
14212,Unknown
14213,Unknown
14214,Unknown
14215,Unknown
14216,Unknown
14217,Unknown
14218,Unknown
14219,Unknown
14220,Unknown
14221,Unknown
14222,Unknown
14223,Unknown
14224,Unknown
14225,Unknown
14226,Unknown
14227,Unknown
14228,Unknown
14229,Unknown
14230,Unknown
14231,Unknown
14232,Unknown
14233,Unknown
14234,Unknown
14235,Unknown
14236,Unknown
14237,Unknown
14238,Unknown
14239,Unknown
14240,Unknown
14241,Unknown
14242,Unknown
14243,Unknown
14244,Unknown
14245,Unknown
14246,Unknown
14247,Unknown
14248,Unknown
14249,Unknown
14250,Unknown
14251,Unknown
14252,Unknown
14253,Unknown
14254,Unknown
14255,Unknown
14256,Unknown
14257,Unknown
14258,Unknown
14259,Unknown
14260,Unknown
14261,Unknown
14262,Unknown
14263,Unknown
14264,Unknown
14265,Unknown
14266,Unknown
14267,Unknown
14268,Unknown
14269,Unknown
14270,Unknown
14271,Unknown
14272,Unknown
14273,Unknown
14274,Unknown
14275,Unknown
14276,Unknown
14277,Unknown
14278,Unknown
14279,Unknown
14280,Unknown
14281,Unknown
14282,Unknown
14283,Unknown
14284,Unknown
14285,Unknown
14286,Unknown
14287,Unknown
14288,Unknown
14289,Unknown
14290,Unknown
14291,Unknown
14292,Unknown
14293,Unknown
14294,Unknown
14295,Unknown
14296,Unknown
14297,Unknown
14298,Unknown
14299,Unknown
14300,Unknown
14301,Unknown
14302,Unknown
14303,Unknown
14304,Unknown
14305,Unknown
14306,Unknown
14307,Unknown
14308,Unknown
14309,Unknown
14310,Unknown
14311,Unknown
14312,Unknown
14313,Unknown
14314,Unknown
14315,Unknown
14316,Unknown
14317,Unknown
14318,Unknown
14319,Unknown
14320,Unknown
14321,Unknown
14322,Unknown
14323,Unknown
14324,Unknown
14325,Unknown
14326,Unknown
14327,Unknown
14328,Unknown
14329,Unknown
14330,Unknown
14331,Unknown
14332,Unknown
14333,Unknown
14334,Unknown
14335,Unknown
14336,Unknown
14337,Unknown
14338,Unknown
14339,Unknown
14340,Unknown
14341,Unknown
14342,Unknown
14343,Unknown
14344,Unknown
14345,Unknown
14346,Unknown
14347,Unknown
14348,Unknown
14349,Unknown
14350,Unknown
14351,Unknown
14352,Unknown
14353,Unknown
14354,Unknown
14355,Unknown
14356,Unknown
14357,Unknown
14358,Unknown
14359,Unknown
14360,Unknown
14361,Unknown
14362,Unknown
14363,Unknown
14364,Unknown
14365,Unknown
14366,Unknown
14367,Unknown
14368,Unknown
14369,Unknown
14370,Unknown
14371,Unknown
14372,Unknown
14373,Unknown
14374,Unknown
14375,Unknown
14376,Unknown
14377,Unknown
14378,Unknown
14379,Unknown
14380,Unknown
14381,Unknown
14382,Unknown
14383,Unknown
14384,Unknown
14385,Unknown
14386,Unknown
14387,Unknown
14388,Unknown
14389,Unknown
14390,Unknown
14391,Unknown
14392,Unknown
14393,Unknown
14394,Unknown
14395,Unknown
14396,Unknown
14397,Unknown
14398,Unknown
14399,Unknown
14400,Unknown
14401,Unknown
14402,Unknown
14403,Unknown
14404,Unknown
14405,Unknown
14406,Unknown
14407,Unknown
14408,Unknown
14409,Unknown
14410,Unknown
14411,Unknown
14412,Unknown
14413,Unknown
14414,Unknown
14415,Unknown
14416,Unknown
14417,Unknown
14418,Unknown
14419,Unknown
14420,Unknown
14421,Unknown
14422,Unknown
14423,Unknown
14424,Unknown
14425,Unknown
14426,Unknown
14427,Unknown
14428,Unknown
14429,Unknown
14430,Unknown
14431,Unknown
14432,Unknown
14433,Unknown
14434,Unknown
14435,Unknown
14436,Unknown
14437,Unknown
14438,Unknown
14439,Unknown
14440,Unknown
14441,Unknown
14442,Unknown
14443,Unknown
14444,Unknown
14445,Unknown
14446,Unknown
14447,Unknown
14448,Unknown
14449,Unknown
14450,Unknown
14451,Unknown
14452,Unknown
14453,Unknown
14454,Unknown
14455,Unknown
14456,Unknown
14457,Unknown
14458,Unknown
14459,Unknown
14460,Unknown
14461,Unknown
14462,Unknown
14463,Unknown
14464,Unknown
14465,Unknown
14466,Unknown
14467,Unknown
14468,Unknown
14469,Unknown
14470,Unknown
14471,Unknown
14472,Unknown
14473,Unknown
14474,Unknown
14475,Unknown
14476,Unknown
14477,Unknown
14478,Unknown
14479,Unknown
14480,Unknown
14481,Unknown
14482,Unknown
14483,Unknown
14484,Unknown
14485,Unknown
14486,Unknown
14487,Unknown
14488,Unknown
14489,Unknown
14490,Unknown
14491,Unknown
14492,Unknown
14493,Unknown
14494,Unknown
14495,Unknown
14496,Unknown
14497,Unknown
14498,Unknown
14499,Unknown
14500,Unknown
14501,Unknown
14502,Unknown
14503,Unknown
14504,Unknown
14505,Unknown
14506,Unknown
14507,Unknown
14508,Unknown
14509,Unknown
14510,Unknown
14511,Unknown
14512,Unknown
14513,Unknown
14514,Unknown
14515,Unknown
14516,Unknown
14517,Unknown
14518,Unknown
14519,Unknown
14520,Unknown
14521,Unknown
14522,Unknown
14523,Unknown
14524,Unknown
14525,Unknown
14526,Unknown
14527,Unknown
14528,Unknown
14529,Unknown
14530,Unknown
14531,Unknown
14532,Unknown
14533,Unknown
14534,Unknown
14535,Unknown
14536,Unknown
14537,Unknown
14538,Unknown
14539,Unknown
14540,Unknown
14541,Unknown
14542,Unknown
14543,Unknown
14544,Unknown
14545,Unknown
14546,Unknown
14547,Unknown
14548,Unknown
14549,Unknown
14550,Unknown
14551,Unknown
14552,Unknown
14553,Unknown
14554,Unknown
14555,Unknown
14556,Unknown
14557,Unknown
14558,Unknown
14559,Unknown
14560,Unknown
14561,Unknown
14562,Unknown
14563,Unknown
14564,Unknown
14565,Unknown
14566,Unknown
14567,Unknown
14568,Unknown
14569,Unknown
14570,Unknown
14571,Unknown
14572,Unknown
14573,Unknown
14574,Unknown
14575,Unknown
14576,Unknown
14577,Unknown
14578,Unknown
14579,Unknown
14580,Unknown
14581,Unknown
14582,Unknown
14583,Unknown
14584,Unknown
14585,Unknown
14586,Unknown
14587,Unknown
14588,Unknown
14589,Unknown
14590,Unknown
14591,Unknown
14592,Unknown
14593,Unknown
14594,Unknown
14595,Unknown
14596,Unknown
14597,Unknown
14598,Unknown
14599,Unknown
14600,Unknown
14601,Unknown
14602,Unknown
14603,Unknown
14604,Unknown
14605,Unknown
14606,Unknown
14607,Unknown
14608,Unknown
14609,Unknown
14610,Unknown
14611,Unknown
14612,Unknown
14613,Unknown
14614,Unknown
14615,Unknown
14616,Unknown
14617,Unknown
14618,Unknown
14619,Unknown
14620,Unknown
14621,Unknown
14622,Unknown
14623,Unknown
14624,Unknown
14625,Unknown
14626,Unknown
14627,Unknown
14628,Unknown
14629,Unknown
14630,Unknown
14631,Unknown
14632,Unknown
14633,Unknown
14634,Unknown
14635,Unknown
14636,Unknown
14637,Unknown
14638,Unknown
14639,Unknown
14640,Unknown
14641,Unknown
14642,Unknown
14643,Unknown
14644,Unknown
14645,Unknown
14646,Unknown
14647,Unknown
14648,Unknown
14649,Unknown
14650,Unknown
14651,Unknown
14652,Unknown
14653,Unknown
14654,Unknown
14655,Unknown
14656,Unknown
14657,Unknown
14658,Unknown
14659,Unknown
14660,Unknown
14661,Unknown
14662,Unknown
14663,Unknown
14664,Unknown
14665,Unknown
14666,Unknown
14667,Unknown
14668,Unknown
14669,Unknown
14670,Unknown
14671,Unknown
14672,Unknown
14673,Unknown
14674,Unknown
14675,Unknown
14676,Unknown
14677,Unknown
14678,Unknown
14679,Unknown
14680,Unknown
14681,Unknown
14682,Unknown
14683,Unknown
14684,Unknown
14685,Unknown
14686,Unknown
14687,Unknown
14688,Unknown
14689,Unknown
14690,Unknown
14691,Unknown
14692,Unknown
14693,Unknown
14694,Unknown
14695,Unknown
14696,Unknown
14697,Unknown
14698,Unknown
14699,Unknown
14700,Unknown
14701,Unknown
14702,Unknown
14703,Unknown
14704,Unknown
14705,Unknown
14706,Unknown
14707,Unknown
14708,Unknown
14709,Unknown
14710,Unknown
14711,Unknown
14712,Unknown
14713,Unknown
14714,Unknown
14715,Unknown
14716,Unknown
14717,Unknown
14718,Unknown
14719,Unknown
14720,Unknown
14721,Unknown
14722,Unknown
14723,Unknown
14724,Unknown
14725,Unknown
14726,Unknown
14727,Unknown
14728,Unknown
14729,Unknown
14730,Unknown
14731,Unknown
14732,Unknown
14733,Unknown
14734,Unknown
14735,Unknown
14736,Unknown
14737,Unknown
14738,Unknown
14739,Unknown
14740,Unknown
14741,Unknown
14742,Unknown
14743,Unknown
14744,Unknown
14745,Unknown
14746,Unknown
14747,Unknown
14748,Unknown
14749,Unknown
14750,Unknown
14751,Unknown
14752,Unknown
14753,Unknown
14754,Unknown
14755,Unknown
14756,Unknown
14757,Unknown
14758,Unknown
14759,Unknown
14760,Unknown
14761,Unknown
14762,Unknown
14763,Unknown
14764,Unknown
14765,Unknown
14766,Unknown
14767,Unknown
14768,Unknown
14769,Unknown
14770,Unknown
14771,Unknown
14772,Unknown
14773,Unknown
14774,Unknown
14775,Unknown
14776,Unknown
14777,Unknown
14778,Unknown
14779,Unknown
14780,Unknown
14781,Unknown
14782,Unknown
14783,Unknown
14784,Unknown
14785,Unknown
14786,Unknown
14787,Unknown
14788,Unknown
14789,Unknown
14790,Unknown
14791,Unknown
14792,Unknown
14793,Unknown
14794,Unknown
14795,Unknown
14796,Unknown
14797,Unknown
14798,Unknown
14799,Unknown
14800,Unknown
14801,Unknown
14802,Unknown
14803,Unknown
14804,Unknown
14805,Unknown
14806,Unknown
14807,Unknown
14808,Unknown
14809,Unknown
14810,Unknown
14811,Unknown
14812,Unknown
14813,Unknown
14814,Unknown
14815,Unknown
14816,Unknown
14817,Unknown
14818,Unknown
14819,Unknown
14820,Unknown
14821,Unknown
14822,Unknown
14823,Unknown
14824,Unknown
14825,Unknown
14826,Unknown
14827,Unknown
14828,Unknown
14829,Unknown
14830,Unknown
14831,Unknown
14832,Unknown
14833,Unknown
14834,Unknown
14835,Unknown
14836,Unknown
14837,Unknown
14838,Unknown
14839,Unknown
14840,Unknown
14841,Unknown
14842,Unknown
14843,Unknown
14844,Unknown
14845,Unknown
14846,Unknown
14847,Unknown
14848,Unknown
14849,Unknown
14850,Unknown
14851,Unknown
14852,Unknown
14853,Unknown
14854,Unknown
14855,Unknown
14856,Unknown
14857,Unknown
14858,Unknown
14859,Unknown
14860,Unknown
14861,Unknown
14862,Unknown
14863,Unknown
14864,Unknown
14865,Unknown
14866,Unknown
14867,Unknown
14868,Unknown
14869,Unknown
14870,Unknown
14871,Unknown
14872,Unknown
14873,Unknown
14874,Unknown
14875,Unknown
14876,Unknown
14877,Unknown
14878,Unknown
14879,Unknown
14880,Unknown
14881,Unknown
14882,Unknown
14883,Unknown
14884,Unknown
14885,Unknown
14886,Unknown
14887,Unknown
14888,Unknown
14889,Unknown
14890,Unknown
14891,Unknown
14892,Unknown
14893,Unknown
14894,Unknown
14895,Unknown
14896,Unknown
14897,Unknown
14898,Unknown
14899,Unknown
14900,Unknown
14901,Unknown
14902,Unknown
14903,Unknown
14904,Unknown
14905,Unknown
14906,Unknown
14907,Unknown
14908,Unknown
14909,Unknown
14910,Unknown
14911,Unknown
14912,Unknown
14913,Unknown
14914,Unknown
14915,Unknown
14916,Unknown
14917,Unknown
14918,Unknown
14919,Unknown
14920,Unknown
14921,Unknown
14922,Unknown
14923,Unknown
14924,Unknown
14925,Unknown
14926,Unknown
14927,Unknown
14928,Unknown
14929,Unknown
14930,Unknown
14931,Unknown
14932,Unknown
14933,Unknown
14934,Unknown
14935,Unknown
14936,Unknown
14937,Unknown
14938,Unknown
14939,Unknown
14940,Unknown
14941,Unknown
14942,Unknown
14943,Unknown
14944,Unknown
14945,Unknown
14946,Unknown
14947,Unknown
14948,Unknown
14949,Unknown
14950,Unknown
14951,Unknown
14952,Unknown
14953,Unknown
14954,Unknown
14955,Unknown
14956,Unknown
14957,Unknown
14958,Unknown
14959,Unknown
14960,Unknown
14961,Unknown
14962,Unknown
14963,Unknown
14964,Unknown
14965,Unknown
14966,Unknown
14967,Unknown
14968,Unknown
14969,Unknown
14970,Unknown
14971,Unknown
14972,Unknown
14973,Unknown
14974,Unknown
14975,Unknown
14976,Unknown
14977,Unknown
14978,Unknown
14979,Unknown
14980,Unknown
14981,Unknown
14982,Unknown
14983,Unknown
14984,Unknown
14985,Unknown
14986,Unknown
14987,Unknown
14988,Unknown
14989,Unknown
14990,Unknown
14991,Unknown
14992,Unknown
14993,Unknown
14994,Unknown
14995,Unknown
14996,Unknown
14997,Unknown
14998,Unknown
14999,Unknown
15000,Unknown
15001,Unknown
15002,Unknown
15003,Unknown
15004,Unknown
15005,Unknown
15006,Unknown
15007,Unknown
15008,Unknown
15009,Unknown
15010,Unknown
15011,Unknown
15012,Unknown
15013,Unknown
15014,Unknown
15015,Unknown
15016,Unknown
15017,Unknown
15018,Unknown
15019,Unknown
15020,Unknown
15021,Unknown
15022,Unknown
15023,Unknown
15024,Unknown
15025,Unknown
15026,Unknown
15027,Unknown
15028,Unknown
15029,Unknown
15030,Unknown
15031,Unknown
15032,Unknown
15033,Unknown
15034,Unknown
15035,Unknown
15036,Unknown
15037,Unknown
15038,Unknown
15039,Unknown
15040,Unknown
15041,Unknown
15042,Unknown
15043,Unknown
15044,Unknown
15045,Unknown
15046,Unknown
15047,Unknown
15048,Unknown
15049,Unknown
15050,Unknown
15051,Unknown
15052,Unknown
15053,Unknown
15054,Unknown
15055,Unknown
15056,Unknown
15057,Unknown
15058,Unknown
15059,Unknown
15060,Unknown
15061,Unknown
15062,Unknown
15063,Unknown
15064,Unknown
15065,Unknown
15066,Unknown
15067,Unknown
15068,Unknown
15069,Unknown
15070,Unknown
15071,Unknown
15072,Unknown
15073,Unknown
15074,Unknown
15075,Unknown
15076,Unknown
15077,Unknown
15078,Unknown
15079,Unknown
15080,Unknown
15081,Unknown
15082,Unknown
15083,Unknown
15084,Unknown
15085,Unknown
15086,Unknown
15087,Unknown
15088,Unknown
15089,Unknown
15090,Unknown
15091,Unknown
15092,Unknown
15093,Unknown
15094,Unknown
15095,Unknown
15096,Unknown
15097,Unknown
15098,Unknown
15099,Unknown
15100,Unknown
15101,Unknown
15102,Unknown
15103,Unknown
15104,Unknown
15105,Unknown
15106,Unknown
15107,Unknown
15108,Unknown
15109,Unknown
15110,Unknown
15111,Unknown
15112,Unknown
15113,Unknown
15114,Unknown
15115,Unknown
15116,Unknown
15117,Unknown
15118,Unknown
15119,Unknown
15120,Unknown
15121,Unknown
15122,Unknown
15123,Unknown
15124,Unknown
15125,Unknown
15126,Unknown
15127,Unknown
15128,Unknown
15129,Unknown
15130,Unknown
15131,Unknown
15132,Unknown
15133,Unknown
15134,Unknown
15135,Unknown
15136,Unknown
15137,Unknown
15138,Unknown
15139,Unknown
15140,Unknown
15141,Unknown
15142,Unknown
15143,Unknown
15144,Unknown
15145,Unknown
15146,Unknown
15147,Unknown
15148,Unknown
15149,Unknown
15150,Unknown
15151,Unknown
15152,Unknown
15153,Unknown
15154,Unknown
15155,Unknown
15156,Unknown
15157,Unknown
15158,Unknown
15159,Unknown
15160,Unknown
15161,Unknown
15162,Unknown
15163,Unknown
15164,Unknown
15165,Unknown
15166,Unknown
15167,Unknown
15168,Unknown
15169,Unknown
15170,Unknown
15171,Unknown
15172,Unknown
15173,Unknown
15174,Unknown
15175,Unknown
15176,Unknown
15177,Unknown
15178,Unknown
15179,Unknown
15180,Unknown
15181,Unknown
15182,Unknown
15183,Unknown
15184,Unknown
15185,Unknown
15186,Unknown
15187,Unknown
15188,Unknown
15189,Unknown
15190,Unknown
15191,Unknown
15192,Unknown
15193,Unknown
15194,Unknown
15195,Unknown
15196,Unknown
15197,Unknown
15198,Unknown
15199,Unknown
15200,Unknown
15201,Unknown
15202,Unknown
15203,Unknown
15204,Unknown
15205,Unknown
15206,Unknown
15207,Unknown
15208,Unknown
15209,Unknown
15210,Unknown
15211,Unknown
15212,Unknown
15213,Unknown
15214,Unknown
15215,Unknown
15216,Unknown
15217,Unknown
15218,Unknown
15219,Unknown
15220,Unknown
15221,Unknown
15222,Unknown
15223,Unknown
15224,Unknown
15225,Unknown
15226,Unknown
15227,Unknown
15228,Unknown
15229,Unknown
15230,Unknown
15231,Unknown
15232,Unknown
15233,Unknown
15234,Unknown
15235,Unknown
15236,Unknown
15237,Unknown
15238,Unknown
15239,Unknown
15240,Unknown
15241,Unknown
15242,Unknown
15243,Unknown
15244,Unknown
15245,Unknown
15246,Unknown
15247,Unknown
15248,Unknown
15249,Unknown
15250,Unknown
15251,Unknown
15252,Unknown
15253,Unknown
15254,Unknown
15255,Unknown
15256,Unknown
15257,Unknown
15258,Unknown
15259,Unknown
15260,Unknown
15261,Unknown
15262,Unknown
15263,Unknown
15264,Unknown
15265,Unknown
15266,Unknown
15267,Unknown
15268,Unknown
15269,Unknown
15270,Unknown
15271,Unknown
15272,Unknown
15273,Unknown
15274,Unknown
15275,Unknown
15276,Unknown
15277,Unknown
15278,Unknown
15279,Unknown
15280,Unknown
15281,Unknown
15282,Unknown
15283,Unknown
15284,Unknown
15285,Unknown
15286,Unknown
15287,Unknown
15288,Unknown
15289,Unknown
15290,Unknown
15291,Unknown
15292,Unknown
15293,Unknown
15294,Unknown
15295,Unknown
15296,Unknown
15297,Unknown
15298,Unknown
15299,Unknown
15300,Unknown
15301,Unknown
15302,Unknown
15303,Unknown
15304,Unknown
15305,Unknown
15306,Unknown
15307,Unknown
15308,Unknown
15309,Unknown
15310,Unknown
15311,Unknown
15312,Unknown
15313,Unknown
15314,Unknown
15315,Unknown
15316,Unknown
15317,Unknown
15318,Unknown
15319,Unknown
15320,Unknown
15321,Unknown
15322,Unknown
15323,Unknown
15324,Unknown
15325,Unknown
15326,Unknown
15327,Unknown
15328,Unknown
15329,Unknown
15330,Unknown
15331,Unknown
15332,Unknown
15333,Unknown
15334,Unknown
15335,Unknown
15336,Unknown
15337,Unknown
15338,Unknown
15339,Unknown
15340,Unknown
15341,Unknown
15342,Unknown
15343,Unknown
15344,Unknown
15345,Unknown
15346,Unknown
15347,Unknown
15348,Unknown
15349,Unknown
15350,Unknown
15351,Unknown
15352,Unknown
15353,Unknown
15354,Unknown
15355,Unknown
15356,Unknown
15357,Unknown
15358,Unknown
15359,Unknown
15360,Unknown
15361,Unknown
15362,Unknown
15363,Unknown
15364,Unknown
15365,Unknown
15366,Unknown
15367,Unknown
15368,Unknown
15369,Unknown
15370,Unknown
15371,Unknown
15372,Unknown
15373,Unknown
15374,Unknown
15375,Unknown
15376,Unknown
15377,Unknown
15378,Unknown
15379,Unknown
15380,Unknown
15381,Unknown
15382,Unknown
15383,Unknown
15384,Unknown
15385,Unknown
15386,Unknown
15387,Unknown
15388,Unknown
15389,Unknown
15390,Unknown
15391,Unknown
15392,Unknown
15393,Unknown
15394,Unknown
15395,Unknown
15396,Unknown
15397,Unknown
15398,Unknown
15399,Unknown
15400,Unknown
15401,Unknown
15402,Unknown
15403,Unknown
15404,Unknown
15405,Unknown
15406,Unknown
15407,Unknown
15408,Unknown
15409,Unknown
15410,Unknown
15411,Unknown
15412,Unknown
15413,Unknown
15414,Unknown
15415,Unknown
15416,Unknown
15417,Unknown
15418,Unknown
15419,Unknown
15420,Unknown
15421,Unknown
15422,Unknown
15423,Unknown
15424,Unknown
15425,Unknown
15426,Unknown
15427,Unknown
15428,Unknown
15429,Unknown
15430,Unknown
15431,Unknown
15432,Unknown
15433,Unknown
15434,Unknown
15435,Unknown
15436,Unknown
15437,Unknown
15438,Unknown
15439,Unknown
15440,Unknown
15441,Unknown
15442,Unknown
15443,Unknown
15444,Unknown
15445,Unknown
15446,Unknown
15447,Unknown
15448,Unknown
15449,Unknown
15450,Unknown
15451,Unknown
15452,Unknown
15453,Unknown
15454,Unknown
15455,Unknown
15456,Unknown
15457,Unknown
15458,Unknown
15459,Unknown
15460,Unknown
15461,Unknown
15462,Unknown
15463,Unknown
15464,Unknown
15465,Unknown
15466,Unknown
15467,Unknown
15468,Unknown
15469,Unknown
15470,Unknown
15471,Unknown
15472,Unknown
15473,Unknown
15474,Unknown
15475,Unknown
15476,Unknown
15477,Unknown
15478,Unknown
15479,Unknown
15480,Unknown
15481,Unknown
15482,Unknown
15483,Unknown
15484,Unknown
15485,Unknown
15486,Unknown
15487,Unknown
15488,Unknown
15489,Unknown
15490,Unknown
15491,Unknown
15492,Unknown
15493,Unknown
15494,Unknown
15495,Unknown
15496,Unknown
15497,Unknown
15498,Unknown
15499,Unknown
15500,Unknown
15501,Unknown
15502,Unknown
15503,Unknown
15504,Unknown
15505,Unknown
15506,Unknown
15507,Unknown
15508,Unknown
15509,Unknown
15510,Unknown
15511,Unknown
15512,Unknown
15513,Unknown
15514,Unknown
15515,Unknown
15516,Unknown
15517,Unknown
15518,Unknown
15519,Unknown
15520,Unknown
15521,Unknown
15522,Unknown
15523,Unknown
15524,Unknown
15525,Unknown
15526,Unknown
15527,Unknown
15528,Unknown
15529,Unknown
15530,Unknown
15531,Unknown
15532,Unknown
15533,Unknown
15534,Unknown
15535,Unknown
15536,Unknown
15537,Unknown
15538,Unknown
15539,Unknown
15540,Unknown
15541,Unknown
15542,Unknown
15543,Unknown
15544,Unknown
15545,Unknown
15546,Unknown
15547,Unknown
15548,Unknown
15549,Unknown
15550,Unknown
15551,Unknown
15552,Unknown
15553,Unknown
15554,Unknown
15555,Unknown
15556,Unknown
15557,Unknown
15558,Unknown
15559,Unknown
15560,Unknown
15561,Unknown
15562,Unknown
15563,Unknown
15564,Unknown
15565,Unknown
15566,Unknown
15567,Unknown
15568,Unknown
15569,Unknown
15570,Unknown
15571,Unknown
15572,Unknown
15573,Unknown
15574,Unknown
15575,Unknown
15576,Unknown
15577,Unknown
15578,Unknown
15579,Unknown
15580,Unknown
15581,Unknown
15582,Unknown
15583,Unknown
15584,Unknown
15585,Unknown
15586,Unknown
15587,Unknown
15588,Unknown
15589,Unknown
15590,Unknown
15591,Unknown
15592,Unknown
15593,Unknown
15594,Unknown
15595,Unknown
15596,Unknown
15597,Unknown
15598,Unknown
15599,Unknown
15600,Unknown
15601,Unknown
15602,Unknown
15603,Unknown
15604,Unknown
15605,Unknown
15606,Unknown
15607,Unknown
15608,Unknown
15609,Unknown
15610,Unknown
15611,Unknown
15612,Unknown
15613,Unknown
15614,Unknown
15615,Unknown
15616,Unknown
15617,Unknown
15618,Unknown
15619,Unknown
15620,Unknown
15621,Unknown
15622,Unknown
15623,Unknown
15624,Unknown
15625,Unknown
15626,Unknown
15627,Unknown
15628,Unknown
15629,Unknown
15630,Unknown
15631,Unknown
15632,Unknown
15633,Unknown
15634,Unknown
15635,Unknown
15636,Unknown
15637,Unknown
15638,Unknown
15639,Unknown
15640,Unknown
15641,Unknown
15642,Unknown
15643,Unknown
15644,Unknown
15645,Unknown
15646,Unknown
15647,Unknown
15648,Unknown
15649,Unknown
15650,Unknown
15651,Unknown
15652,Unknown
15653,Unknown
15654,Unknown
15655,Unknown
15656,Unknown
15657,Unknown
15658,Unknown
15659,Unknown
15660,Unknown
15661,Unknown
15662,Unknown
15663,Unknown
15664,Unknown
15665,Unknown
15666,Unknown
15667,Unknown
15668,Unknown
15669,Unknown
15670,Unknown
15671,Unknown
15672,Unknown
15673,Unknown
15674,Unknown
15675,Unknown
15676,Unknown
15677,Unknown
15678,Unknown
15679,Unknown
15680,Unknown
15681,Unknown
15682,Unknown
15683,Unknown
15684,Unknown
15685,Unknown
15686,Unknown
15687,Unknown
15688,Unknown
15689,Unknown
15690,Unknown
15691,Unknown
15692,Unknown
15693,Unknown
15694,Unknown
15695,Unknown
15696,Unknown
15697,Unknown
15698,Unknown
15699,Unknown
15700,Unknown
15701,Unknown
15702,Unknown
15703,Unknown
15704,Unknown
15705,Unknown
15706,Unknown
15707,Unknown
15708,Unknown
15709,Unknown
15710,Unknown
15711,Unknown
15712,Unknown
15713,Unknown
15714,Unknown
15715,Unknown
15716,Unknown
15717,Unknown
15718,Unknown
15719,Unknown
15720,Unknown
15721,Unknown
15722,Unknown
15723,Unknown
15724,Unknown
15725,Unknown
15726,Unknown
15727,Unknown
15728,Unknown
15729,Unknown
15730,Unknown
15731,Unknown
15732,Unknown
15733,Unknown
15734,Unknown
15735,Unknown
15736,Unknown
15737,Unknown
15738,Unknown
15739,Unknown
15740,Unknown
15741,Unknown
15742,Unknown
15743,Unknown
15744,Unknown
15745,Unknown
15746,Unknown
15747,Unknown
15748,Unknown
15749,Unknown
15750,Unknown
15751,Unknown
15752,Unknown
15753,Unknown
15754,Unknown
15755,Unknown
15756,Unknown
15757,Unknown
15758,Unknown
15759,Unknown
15760,Unknown
15761,Unknown
15762,Unknown
15763,Unknown
15764,Unknown
15765,Unknown
15766,Unknown
15767,Unknown
15768,Unknown
15769,Unknown
15770,Unknown
15771,Unknown
15772,Unknown
15773,Unknown
15774,Unknown
15775,Unknown
15776,Unknown
15777,Unknown
15778,Unknown
15779,Unknown
15780,Unknown
15781,Unknown
15782,Unknown
15783,Unknown
15784,Unknown
15785,Unknown
15786,Unknown
15787,Unknown
15788,Unknown
15789,Unknown
15790,Unknown
15791,Unknown
15792,Unknown
15793,Unknown
15794,Unknown
15795,Unknown
15796,Unknown
15797,Unknown
15798,Unknown
15799,Unknown
15800,Unknown
15801,Unknown
15802,Unknown
15803,Unknown
15804,Unknown
15805,Unknown
15806,Unknown
15807,Unknown
15808,Unknown
15809,Unknown
15810,Unknown
15811,Unknown
15812,Unknown
15813,Unknown
15814,Unknown
15815,Unknown
15816,Unknown
15817,Unknown
15818,Unknown
15819,Unknown
15820,Unknown
15821,Unknown
15822,Unknown
15823,Unknown
15824,Unknown
15825,Unknown
15826,Unknown
15827,Unknown
15828,Unknown
15829,Unknown
15830,Unknown
15831,Unknown
15832,Unknown
15833,Unknown
15834,Unknown
15835,Unknown
15836,Unknown
15837,Unknown
15838,Unknown
15839,Unknown
15840,Unknown
15841,Unknown
15842,Unknown
15843,Unknown
15844,Unknown
15845,Unknown
15846,Unknown
15847,Unknown
15848,Unknown
15849,Unknown
15850,Unknown
15851,Unknown
15852,Unknown
15853,Unknown
15854,Unknown
15855,Unknown
15856,Unknown
15857,Unknown
15858,Unknown
15859,Unknown
15860,Unknown
15861,Unknown
15862,Unknown
15863,Unknown
15864,Unknown
15865,Unknown
15866,Unknown
15867,Unknown
15868,Unknown
15869,Unknown
15870,Unknown
15871,Unknown
15872,Unknown
15873,Unknown
15874,Unknown
15875,Unknown
15876,Unknown
15877,Unknown
15878,Unknown
15879,Unknown
15880,Unknown
15881,Unknown
15882,Unknown
15883,Unknown
15884,Unknown
15885,Unknown
15886,Unknown
15887,Unknown
15888,Unknown
15889,Unknown
15890,Unknown
15891,Unknown
15892,Unknown
15893,Unknown
15894,Unknown
15895,Unknown
15896,Unknown
15897,Unknown
15898,Unknown
15899,Unknown
15900,Unknown
15901,Unknown
15902,Unknown
15903,Unknown
15904,Unknown
15905,Unknown
15906,Unknown
15907,Unknown
15908,Unknown
15909,Unknown
15910,Unknown
15911,Unknown
15912,Unknown
15913,Unknown
15914,Unknown
15915,Unknown
15916,Unknown
15917,Unknown
15918,Unknown
15919,Unknown
15920,Unknown
15921,Unknown
15922,Unknown
15923,Unknown
15924,Unknown
15925,Unknown
15926,Unknown
15927,Unknown
15928,Unknown
15929,Unknown
15930,Unknown
15931,Unknown
15932,Unknown
15933,Unknown
15934,Unknown
15935,Unknown
15936,Unknown
15937,Unknown
15938,Unknown
15939,Unknown
15940,Unknown
15941,Unknown
15942,Unknown
15943,Unknown
15944,Unknown
15945,Unknown
15946,Unknown
15947,Unknown
15948,Unknown
15949,Unknown
15950,Unknown
15951,Unknown
15952,Unknown
15953,Unknown
15954,Unknown
15955,Unknown
15956,Unknown
15957,Unknown
15958,Unknown
15959,Unknown
15960,Unknown
15961,Unknown
15962,Unknown
15963,Unknown
15964,Unknown
15965,Unknown
15966,Unknown
15967,Unknown
15968,Unknown
15969,Unknown
15970,Unknown
15971,Unknown
15972,Unknown
15973,Unknown
15974,Unknown
15975,Unknown
15976,Unknown
15977,Unknown
15978,Unknown
15979,Unknown
15980,Unknown
15981,Unknown
15982,Unknown
15983,Unknown
15984,Unknown
15985,Unknown
15986,Unknown
15987,Unknown
15988,Unknown
15989,Unknown
15990,Unknown
15991,Unknown
15992,Unknown
15993,Unknown
15994,Unknown
15995,Unknown
15996,Unknown
15997,Unknown
15998,Unknown
15999,Unknown
16000,Unknown
16001,Unknown
16002,Unknown
16003,Unknown
16004,Unknown
16005,Unknown
16006,Unknown
16007,Unknown
16008,Unknown
16009,Unknown
16010,Unknown
16011,Unknown
16012,Unknown
16013,Unknown
16014,Unknown
16015,Unknown
16016,Unknown
16017,Unknown
16018,Unknown
16019,Unknown
16020,Unknown
16021,Unknown
16022,Unknown
16023,Unknown
16024,Unknown
16025,Unknown
16026,Unknown
16027,Unknown
16028,Unknown
16029,Unknown
16030,Unknown
16031,Unknown
16032,Unknown
16033,Unknown
16034,Unknown
16035,Unknown
16036,Unknown
16037,Unknown
16038,Unknown
16039,Unknown
16040,Unknown
16041,Unknown
16042,Unknown
16043,Unknown
16044,Unknown
16045,Unknown
16046,Unknown
16047,Unknown
16048,Unknown
16049,Unknown
16050,Unknown
16051,Unknown
16052,Unknown
16053,Unknown
16054,Unknown
16055,Unknown
16056,Unknown
16057,Unknown
16058,Unknown
16059,Unknown
16060,Unknown
16061,Unknown
16062,Unknown
16063,Unknown
16064,Unknown
16065,Unknown
16066,Unknown
16067,Unknown
16068,Unknown
16069,Unknown
16070,Unknown
16071,Unknown
16072,Unknown
16073,Unknown
16074,Unknown
16075,Unknown
16076,Unknown
16077,Unknown
16078,Unknown
16079,Unknown
16080,Unknown
16081,Unknown
16082,Unknown
16083,Unknown
16084,Unknown
16085,Unknown
16086,Unknown
16087,Unknown
16088,Unknown
16089,Unknown
16090,Unknown
16091,Unknown
16092,Unknown
16093,Unknown
16094,Unknown
16095,Unknown
16096,Unknown
16097,Unknown
16098,Unknown
16099,Unknown
16100,Unknown
16101,Unknown
16102,Unknown
16103,Unknown
16104,Unknown
16105,Unknown
16106,Unknown
16107,Unknown
16108,Unknown
16109,Unknown
16110,Unknown
16111,Unknown
16112,Unknown
16113,Unknown
16114,Unknown
16115,Unknown
16116,Unknown
16117,Unknown
16118,Unknown
16119,Unknown
16120,Unknown
16121,Unknown
16122,Unknown
16123,Unknown
16124,Unknown
16125,Unknown
16126,Unknown
16127,Unknown
16128,Unknown
16129,Unknown
16130,Unknown
16131,Unknown
16132,Unknown
16133,Unknown
16134,Unknown
16135,Unknown
16136,Unknown
16137,Unknown
16138,Unknown
16139,Unknown
16140,Unknown
16141,Unknown
16142,Unknown
16143,Unknown
16144,Unknown
16145,Unknown
16146,Unknown
16147,Unknown
16148,Unknown
16149,Unknown
16150,Unknown
16151,Unknown
16152,Unknown
16153,Unknown
16154,Unknown
16155,Unknown
16156,Unknown
16157,Unknown
16158,Unknown
16159,Unknown
16160,Unknown
16161,Unknown
16162,Unknown
16163,Unknown
16164,Unknown
16165,Unknown
16166,Unknown
16167,Unknown
16168,Unknown
16169,Unknown
16170,Unknown
16171,Unknown
16172,Unknown
16173,Unknown
16174,Unknown
16175,Unknown
16176,Unknown
16177,Unknown
16178,Unknown
16179,Unknown
16180,Unknown
16181,Unknown
16182,Unknown
16183,Unknown
16184,Unknown
16185,Unknown
16186,Unknown
16187,Unknown
16188,Unknown
16189,Unknown
16190,Unknown
16191,Unknown
16192,Unknown
16193,Unknown
16194,Unknown
16195,Unknown
16196,Unknown
16197,Unknown
16198,Unknown
16199,Unknown
16200,Unknown
16201,Unknown
16202,Unknown
16203,Unknown
16204,Unknown
16205,Unknown
16206,Unknown
16207,Unknown
16208,Unknown
16209,Unknown
16210,Unknown
16211,Unknown
16212,Unknown
16213,Unknown
16214,Unknown
16215,Unknown
16216,Unknown
16217,Unknown
16218,Unknown
16219,Unknown
16220,Unknown
16221,Unknown
16222,Unknown
16223,Unknown
16224,Unknown
16225,Unknown
16226,Unknown
16227,Unknown
16228,Unknown
16229,Unknown
16230,Unknown
16231,Unknown
16232,Unknown
16233,Unknown
16234,Unknown
16235,Unknown
16236,Unknown
16237,Unknown
16238,Unknown
16239,Unknown
16240,Unknown
16241,Unknown
16242,Unknown
16243,Unknown
16244,Unknown
16245,Unknown
16246,Unknown
16247,Unknown
16248,Unknown
16249,Unknown
16250,Unknown
16251,Unknown
16252,Unknown
16253,Unknown
16254,Unknown
16255,Unknown
16256,Unknown
16257,Unknown
16258,Unknown
16259,Unknown
16260,Unknown
16261,Unknown
16262,Unknown
16263,Unknown
16264,Unknown
16265,Unknown
16266,Unknown
16267,Unknown
16268,Unknown
16269,Unknown
16270,Unknown
16271,Unknown
16272,Unknown
16273,Unknown
16274,Unknown
16275,Unknown
16276,Unknown
16277,Unknown
16278,Unknown
16279,Unknown
16280,Unknown
16281,Unknown
16282,Unknown
16283,Unknown
16284,Unknown
16285,Unknown
16286,Unknown
16287,Unknown
16288,Unknown
16289,Unknown
16290,Unknown
16291,Unknown
16292,Unknown
16293,Unknown
16294,Unknown
16295,Unknown
16296,Unknown
16297,Unknown
16298,Unknown
16299,Unknown
16300,Unknown
16301,Unknown
16302,Unknown
16303,Unknown
16304,Unknown
16305,Unknown
16306,Unknown
16307,Unknown
16308,Unknown
16309,Unknown
16310,Unknown
16311,Unknown
16312,Unknown
16313,Unknown
16314,Unknown
16315,Unknown
16316,Unknown
16317,Unknown
16318,Unknown
16319,Unknown
16320,Unknown
16321,Unknown
16322,Unknown
16323,Unknown
16324,Unknown
16325,Unknown
16326,Unknown
16327,Unknown
16328,Unknown
16329,Unknown
16330,Unknown
16331,Unknown
16332,Unknown
16333,Unknown
16334,Unknown
16335,Unknown
16336,Unknown
16337,Unknown
16338,Unknown
16339,Unknown
16340,Unknown
16341,Unknown
16342,Unknown
16343,Unknown
16344,Unknown
16345,Unknown
16346,Unknown
16347,Unknown
16348,Unknown
16349,Unknown
16350,Unknown
16351,Unknown
16352,Unknown
16353,Unknown
16354,Unknown
16355,Unknown
16356,Unknown
16357,Unknown
16358,Unknown
16359,Unknown
16360,Unknown
16361,Unknown
16362,Unknown
16363,Unknown
16364,Unknown
16365,Unknown
16366,Unknown
16367,Unknown
16368,Unknown
16369,Unknown
16370,Unknown
16371,Unknown
16372,Unknown
16373,Unknown
16374,Unknown
16375,Unknown
16376,Unknown
16377,Unknown
16378,Unknown
16379,Unknown
16380,Unknown
16381,Unknown
16382,Unknown
16383,Unknown
16384,Unknown
16385,Unknown
16386,Unknown
16387,Unknown
16388,Unknown
16389,Unknown
16390,Unknown
16391,Unknown
16392,Unknown
16393,Unknown
16394,Unknown
16395,Unknown
16396,Unknown
16397,Unknown
16398,Unknown
16399,Unknown
16400,Unknown
16401,Unknown
16402,Unknown
16403,Unknown
16404,Unknown
16405,Unknown
16406,Unknown
16407,Unknown
16408,Unknown
16409,Unknown
16410,Unknown
16411,Unknown
16412,Unknown
16413,Unknown
16414,Unknown
16415,Unknown
16416,Unknown
16417,Unknown
16418,Unknown
16419,Unknown
16420,Unknown
16421,Unknown
16422,Unknown
16423,Unknown
16424,Unknown
16425,Unknown
16426,Unknown
16427,Unknown
16428,Unknown
16429,Unknown
16430,Unknown
16431,Unknown
16432,Unknown
16433,Unknown
16434,Unknown
16435,Unknown
16436,Unknown
16437,Unknown
16438,Unknown
16439,Unknown
16440,Unknown
16441,Unknown
16442,Unknown
16443,Unknown
16444,Unknown
16445,Unknown
16446,Unknown
16447,Unknown
16448,Unknown
16449,Unknown
16450,Unknown
16451,Unknown
16452,Unknown
16453,Unknown
16454,Unknown
16455,Unknown
16456,Unknown
16457,Unknown
16458,Unknown
16459,Unknown
16460,Unknown
16461,Unknown
16462,Unknown
16463,Unknown
16464,Unknown
16465,Unknown
16466,Unknown
16467,Unknown
16468,Unknown
16469,Unknown
16470,Unknown
16471,Unknown
16472,Unknown
16473,Unknown
16474,Unknown
16475,Unknown
16476,Unknown
16477,Unknown
16478,Unknown
16479,Unknown
16480,Unknown
16481,Unknown
16482,Unknown
16483,Unknown
16484,Unknown
16485,Unknown
16486,Unknown
16487,Unknown
16488,Unknown
16489,Unknown
16490,Unknown
16491,Unknown
16492,Unknown
16493,Unknown
16494,Unknown
16495,Unknown
16496,Unknown
16497,Unknown
16498,Unknown
16499,Unknown
16500,Unknown
16501,Unknown
16502,Unknown
16503,Unknown
16504,Unknown
16505,Unknown
16506,Unknown
16507,Unknown
16508,Unknown
16509,Unknown
16510,Unknown
16511,Unknown
16512,Unknown
16513,Unknown
16514,Unknown
16515,Unknown
16516,Unknown
16517,Unknown
16518,Unknown
16519,Unknown
16520,Unknown
16521,Unknown
16522,Unknown
16523,Unknown
16524,Unknown
16525,Unknown
16526,Unknown
16527,Unknown
16528,Unknown
16529,Unknown
16530,Unknown
16531,Unknown
16532,Unknown
16533,Unknown
16534,Unknown
16535,Unknown
16536,Unknown
16537,Unknown
16538,Unknown
16539,Unknown
16540,Unknown
16541,Unknown
16542,Unknown
16543,Unknown
16544,Unknown
16545,Unknown
16546,Unknown
16547,Unknown
16548,Unknown
16549,Unknown
16550,Unknown
16551,Unknown
16552,Unknown
16553,Unknown
16554,Unknown
16555,Unknown
16556,Unknown
16557,Unknown
16558,Unknown
16559,Unknown
16560,Unknown
16561,Unknown
16562,Unknown
16563,Unknown
16564,Unknown
16565,Unknown
16566,Unknown
16567,Unknown
16568,Unknown
16569,Unknown
16570,Unknown
16571,Unknown
16572,Unknown
16573,Unknown
16574,Unknown
16575,Unknown
16576,Unknown
16577,Unknown
16578,Unknown
16579,Unknown
16580,Unknown
16581,Unknown
16582,Unknown
16583,Unknown
16584,Unknown
16585,Unknown
16586,Unknown
16587,Unknown
16588,Unknown
16589,Unknown
16590,Unknown
16591,Unknown
16592,Unknown
16593,Unknown
16594,Unknown
16595,Unknown
16596,Unknown
16597,Unknown
16598,Unknown
16599,Unknown
16600,Unknown
16601,Unknown
16602,Unknown
16603,Unknown
16604,Unknown
16605,Unknown
16606,Unknown
16607,Unknown
16608,Unknown
16609,Unknown
16610,Unknown
16611,Unknown
16612,Unknown
16613,Unknown
16614,Unknown
16615,Unknown
16616,Unknown
16617,Unknown
16618,Unknown
16619,Unknown
16620,Unknown
16621,Unknown
16622,Unknown
16623,Unknown
16624,Unknown
16625,Unknown
16626,Unknown
16627,Unknown
16628,Unknown
16629,Unknown
16630,Unknown
16631,Unknown
16632,Unknown
16633,Unknown
16634,Unknown
16635,Unknown
16636,Unknown
16637,Unknown
16638,Unknown
16639,Unknown
16640,Unknown
16641,Unknown
16642,Unknown
16643,Unknown
16644,Unknown
16645,Unknown
16646,Unknown
16647,Unknown
16648,Unknown
16649,Unknown
16650,Unknown
16651,Unknown
16652,Unknown
16653,Unknown
16654,Unknown
16655,Unknown
16656,Unknown
16657,Unknown
16658,Unknown
16659,Unknown
16660,Unknown
16661,Unknown
16662,Unknown
16663,Unknown
16664,Unknown
16665,Unknown
16666,Unknown
16667,Unknown
16668,Unknown
16669,Unknown
16670,Unknown
16671,Unknown
16672,Unknown
16673,Unknown
16674,Unknown
16675,Unknown
16676,Unknown
16677,Unknown
16678,Unknown
16679,Unknown
16680,Unknown
16681,Unknown
16682,Unknown
16683,Unknown
16684,Unknown
16685,Unknown
16686,Unknown
16687,Unknown
16688,Unknown
16689,Unknown
16690,Unknown
16691,Unknown
16692,Unknown
16693,Unknown
16694,Unknown
16695,Unknown
16696,Unknown
16697,Unknown
16698,Unknown
16699,Unknown
16700,Unknown
16701,Unknown
16702,Unknown
16703,Unknown
16704,Unknown
16705,Unknown
16706,Unknown
16707,Unknown
16708,Unknown
16709,Unknown
16710,Unknown
16711,Unknown
16712,Unknown
16713,Unknown
16714,Unknown
16715,Unknown
16716,Unknown
16717,Unknown
16718,Unknown
16719,Unknown
16720,Unknown
16721,Unknown
16722,Unknown
16723,Unknown
16724,Unknown
16725,Unknown
16726,Unknown
16727,Unknown
16728,Unknown
16729,Unknown
16730,Unknown
16731,Unknown
16732,Unknown
16733,Unknown
16734,Unknown
16735,Unknown
16736,Unknown
16737,Unknown
16738,Unknown
16739,Unknown
16740,Unknown
16741,Unknown
16742,Unknown
16743,Unknown
16744,Unknown
16745,Unknown
16746,Unknown
16747,Unknown
16748,Unknown
16749,Unknown
16750,Unknown
16751,Unknown
16752,Unknown
16753,Unknown
16754,Unknown
16755,Unknown
16756,Unknown
16757,Unknown
16758,Unknown
16759,Unknown
16760,Unknown
16761,Unknown
16762,Unknown
16763,Unknown
16764,Unknown
16765,Unknown
16766,Unknown
16767,Unknown
16768,Unknown
16769,Unknown
16770,Unknown
16771,Unknown
16772,Unknown
16773,Unknown
16774,Unknown
16775,Unknown
16776,Unknown
16777,Unknown
16778,Unknown
16779,Unknown
16780,Unknown
16781,Unknown
16782,Unknown
16783,Unknown
16784,Unknown
16785,Unknown
16786,Unknown
16787,Unknown
16788,Unknown
16789,Unknown
16790,Unknown
16791,Unknown
16792,Unknown
16793,Unknown
16794,Unknown
16795,Unknown
16796,Unknown
16797,Unknown
16798,Unknown
16799,Unknown
16800,Unknown
16801,Unknown
16802,Unknown
16803,Unknown
16804,Unknown
16805,Unknown
16806,Unknown
16807,Unknown
16808,Unknown
16809,Unknown
16810,Unknown
16811,Unknown
16812,Unknown
16813,Unknown
16814,Unknown
16815,Unknown
16816,Unknown
16817,Unknown
16818,Unknown
16819,Unknown
16820,Unknown
16821,Unknown
16822,Unknown
16823,Unknown
16824,Unknown
16825,Unknown
16826,Unknown
16827,Unknown
16828,Unknown
16829,Unknown
16830,Unknown
16831,Unknown
16832,Unknown
16833,Unknown
16834,Unknown
16835,Unknown
16836,Unknown
16837,Unknown
16838,Unknown
16839,Unknown
16840,Unknown
16841,Unknown
16842,Unknown
16843,Unknown
16844,Unknown
16845,Unknown
16846,Unknown
16847,Unknown
16848,Unknown
16849,Unknown
16850,Unknown
16851,Unknown
16852,Unknown
16853,Unknown
16854,Unknown
16855,Unknown
16856,Unknown
16857,Unknown
16858,Unknown
16859,Unknown
16860,Unknown
16861,Unknown
16862,Unknown
16863,Unknown
16864,Unknown
16865,Unknown
16866,Unknown
16867,Unknown
16868,Unknown
16869,Unknown
16870,Unknown
16871,Unknown
16872,Unknown
16873,Unknown
16874,Unknown
16875,Unknown
16876,Unknown
16877,Unknown
16878,Unknown
16879,Unknown
16880,Unknown
16881,Unknown
16882,Unknown
16883,Unknown
16884,Unknown
16885,Unknown
16886,Unknown
16887,Unknown
16888,Unknown
16889,Unknown
16890,Unknown
16891,Unknown
16892,Unknown
16893,Unknown
16894,Unknown
16895,Unknown
16896,Unknown
16897,Unknown
16898,Unknown
16899,Unknown
16900,Unknown
16901,Unknown
16902,Unknown
16903,Unknown
16904,Unknown
16905,Unknown
16906,Unknown
16907,Unknown
16908,Unknown
16909,Unknown
16910,Unknown
16911,Unknown
16912,Unknown
16913,Unknown
16914,Unknown
16915,Unknown
16916,Unknown
16917,Unknown
16918,Unknown
16919,Unknown
16920,Unknown
16921,Unknown
16922,Unknown
16923,Unknown
16924,Unknown
16925,Unknown
16926,Unknown
16927,Unknown
16928,Unknown
16929,Unknown
16930,Unknown
16931,Unknown
16932,Unknown
16933,Unknown
16934,Unknown
16935,Unknown
16936,Unknown
16937,Unknown
16938,Unknown
16939,Unknown
16940,Unknown
16941,Unknown
16942,Unknown
16943,Unknown
16944,Unknown
16945,Unknown
16946,Unknown
16947,Unknown
16948,Unknown
16949,Unknown
16950,Unknown
16951,Unknown
16952,Unknown
16953,Unknown
16954,Unknown
16955,Unknown
16956,Unknown
16957,Unknown
16958,Unknown
16959,Unknown
16960,Unknown
16961,Unknown
16962,Unknown
16963,Unknown
16964,Unknown
16965,Unknown
16966,Unknown
16967,Unknown
16968,Unknown
16969,Unknown
16970,Unknown
16971,Unknown
16972,Unknown
16973,Unknown
16974,Unknown
16975,Unknown
16976,Unknown
16977,Unknown
16978,Unknown
16979,Unknown
16980,Unknown
16981,Unknown
16982,Unknown
16983,Unknown
16984,Unknown
16985,Unknown
16986,Unknown
16987,Unknown
16988,Unknown
16989,Unknown
16990,Unknown
16991,Unknown
16992,Unknown
16993,Unknown
16994,Unknown
16995,Unknown
16996,Unknown
16997,Unknown
16998,Unknown
16999,Unknown
17000,Unknown
17001,Unknown
17002,Unknown
17003,Unknown
17004,Unknown
17005,Unknown
17006,Unknown
17007,Unknown
17008,Unknown
17009,Unknown
17010,Unknown
17011,Unknown
17012,Unknown
17013,Unknown
17014,Unknown
17015,Unknown
17016,Unknown
17017,Unknown
17018,Unknown
17019,Unknown
17020,Unknown
17021,Unknown
17022,Unknown
17023,Unknown
17024,Unknown
17025,Unknown
17026,Unknown
17027,Unknown
17028,Unknown
17029,Unknown
17030,Unknown
17031,Unknown
17032,Unknown
17033,Unknown
17034,Unknown
17035,Unknown
17036,Unknown
17037,Unknown
17038,Unknown
17039,Unknown
17040,Unknown
17041,Unknown
17042,Unknown
17043,Unknown
17044,Unknown
17045,Unknown
17046,Unknown
17047,Unknown
17048,Unknown
17049,Unknown
17050,Unknown
17051,Unknown
17052,Unknown
17053,Unknown
17054,Unknown
17055,Unknown
17056,Unknown
17057,Unknown
17058,Unknown
17059,Unknown
17060,Unknown
17061,Unknown
17062,Unknown
17063,Unknown
17064,Unknown
17065,Unknown
17066,Unknown
17067,Unknown
17068,Unknown
17069,Unknown
17070,Unknown
17071,Unknown
17072,Unknown
17073,Unknown
17074,Unknown
17075,Unknown
17076,Unknown
17077,Unknown
17078,Unknown
17079,Unknown
17080,Unknown
17081,Unknown
17082,Unknown
17083,Unknown
17084,Unknown
17085,Unknown
17086,Unknown
17087,Unknown
17088,Unknown
17089,Unknown
17090,Unknown
17091,Unknown
17092,Unknown
17093,Unknown
17094,Unknown
17095,Unknown
17096,Unknown
17097,Unknown
17098,Unknown
17099,Unknown
17100,Unknown
17101,Unknown
17102,Unknown
17103,Unknown
17104,Unknown
17105,Unknown
17106,Unknown
17107,Unknown
17108,Unknown
17109,Unknown
17110,Unknown
17111,Unknown
17112,Unknown
17113,Unknown
17114,Unknown
17115,Unknown
17116,Unknown
17117,Unknown
17118,Unknown
17119,Unknown
17120,Unknown
17121,Unknown
17122,Unknown
17123,Unknown
17124,Unknown
17125,Unknown
17126,Unknown
17127,Unknown
17128,Unknown
17129,Unknown
17130,Unknown
17131,Unknown
17132,Unknown
17133,Unknown
17134,Unknown
17135,Unknown
17136,Unknown
17137,Unknown
17138,Unknown
17139,Unknown
17140,Unknown
17141,Unknown
17142,Unknown
17143,Unknown
17144,Unknown
17145,Unknown
17146,Unknown
17147,Unknown
17148,Unknown
17149,Unknown
17150,Unknown
17151,Unknown
17152,Unknown
17153,Unknown
17154,Unknown
17155,Unknown
17156,Unknown
17157,Unknown
17158,Unknown
17159,Unknown
17160,Unknown
17161,Unknown
17162,Unknown
17163,Unknown
17164,Unknown
17165,Unknown
17166,Unknown
17167,Unknown
17168,Unknown
17169,Unknown
17170,Unknown
17171,Unknown
17172,Unknown
17173,Unknown
17174,Unknown
17175,Unknown
17176,Unknown
17177,Unknown
17178,Unknown
17179,Unknown
17180,Unknown
17181,Unknown
17182,Unknown
17183,Unknown
17184,Unknown
17185,Unknown
17186,Unknown
17187,Unknown
17188,Unknown
17189,Unknown
17190,Unknown
17191,Unknown
17192,Unknown
17193,Unknown
17194,Unknown
17195,Unknown
17196,Unknown
17197,Unknown
17198,Unknown
17199,Unknown
17200,Unknown
17201,Unknown
17202,Unknown
17203,Unknown
17204,Unknown
17205,Unknown
17206,Unknown
17207,Unknown
17208,Unknown
17209,Unknown
17210,Unknown
17211,Unknown
17212,Unknown
17213,Unknown
17214,Unknown
17215,Unknown
17216,Unknown
17217,Unknown
17218,Unknown
17219,Unknown
17220,Unknown
17221,Unknown
17222,Unknown
17223,Unknown
17224,Unknown
17225,Unknown
17226,Unknown
17227,Unknown
17228,Unknown
17229,Unknown
17230,Unknown
17231,Unknown
17232,Unknown
17233,Unknown
17234,Unknown
17235,Unknown
17236,Unknown
17237,Unknown
17238,Unknown
17239,Unknown
17240,Unknown
17241,Unknown
17242,Unknown
17243,Unknown
17244,Unknown
17245,Unknown
17246,Unknown
17247,Unknown
17248,Unknown
17249,Unknown
17250,Unknown
17251,Unknown
17252,Unknown
17253,Unknown
17254,Unknown
17255,Unknown
17256,Unknown
17257,Unknown
17258,Unknown
17259,Unknown
17260,Unknown
17261,Unknown
17262,Unknown
17263,Unknown
17264,Unknown
17265,Unknown
17266,Unknown
17267,Unknown
17268,Unknown
17269,Unknown
17270,Unknown
17271,Unknown
17272,Unknown
17273,Unknown
17274,Unknown
17275,Unknown
17276,Unknown
17277,Unknown
17278,Unknown
17279,Unknown
17280,Unknown
17281,Unknown
17282,Unknown
17283,Unknown
17284,Unknown
17285,Unknown
17286,Unknown
17287,Unknown
17288,Unknown
17289,Unknown
17290,Unknown
17291,Unknown
17292,Unknown
17293,Unknown
17294,Unknown
17295,Unknown
17296,Unknown
17297,Unknown
17298,Unknown
17299,Unknown
17300,Unknown
17301,Unknown
17302,Unknown
17303,Unknown
17304,Unknown
17305,Unknown
17306,Unknown
17307,Unknown
17308,Unknown
17309,Unknown
17310,Unknown
17311,Unknown
17312,Unknown
17313,Unknown
17314,Unknown
17315,Unknown
17316,Unknown
17317,Unknown
17318,Water
17319,Exhaust
17320,Exhaust
17321,Exhaust
17322,Steam
17323,Steam
17324,Steam
17325,Water
17326,Exhaust
